feature_0,feature_1,feature_2,feature_3,feature_4,feature_5,feature_6,feature_7,feature_8,feature_9
-0.4435222882116363,-1.3250019723399435,0.2440063645711843,-0.8989788433708653,1.3827351131827357,-0.707895896683815,1.4758007158228403,-0.04350533130862688,0.06151406202637519,0.23185823067052574
0.5802406647486269,1.0391646432630377,0.2629356044556782,-0.04605355497379981,2.6543708373369386,-2.7696866023973152,1.4065429367283226,1.728164493740747,-0.5124521394101833,2.7951159181485408
0.8968341430470008,-0.35435768040241583,0.10144533137790979,0.0480397551672409,-0.471560376539663,1.0378682097391154,-0.32892494469936917,-3.0059596724931246,-0.9585177088406204,-2.563590452033915
0.30750575502094013,1.0922577820169996,0.9463741673183189,-1.5541919416055718,0.1605621690255897,1.4593765306135895,-0.42065112368416946,1.46456568122459,-0.3468489727083988,-0.701887282437076
0.5347859709165403,0.09081742298636337,-1.9238551283978982,-0.5898369325885657,-1.7648765315755712,1.638829156424471,0.8522941589432633,-0.1972480553349497,0.0394403316927174,-0.8152368257475684
1.105858399363358,0.39253405607768,0.33655292534600356,-0.03788682943145684,3.015867058231348,-1.2537758296377128,2.947720983798865,-2.6385832430638994,0.25097853802821224,-1.1807792396750887
0.020629531342305718,-0.9235130084737138,0.7683915363069868,2.09434487766658,0.6188816740073348,0.16642056502293112,-0.042533428863042566,-0.07599422731468386,1.8641952486434432,-0.4878945564276286
-0.5999718032333028,-1.2749548661840282,1.8236035103581665,0.47684093552496926,1.8061529655445299,0.15280010464650784,0.5428164799107436,-0.15539747598673226,-1.0590771536289905,-1.005691436469245
-2.1235203515814427,0.7505779790828719,-0.5807895334889701,0.4605310189476091,-1.9397469110196843,4.412338930159188,1.6543163986674223,0.3990532607949193,-0.5166487024469272,-3.1879378352225753
1.0160453315702103,-0.3075373167244989,-3.8612158529244143,-1.8383212073158368,-4.474690361817985,2.0264319168029745,-0.3967356565116966,-0.9667038445739051,0.13300470938294656,-0.5834621912410445
-0.3673149961178732,0.8468948835651294,0.1896724049887808,0.3188152096018073,1.7060989905668762,0.38099909781334274,3.001268043079699,-3.5948843030457667,0.19594796813900264,-2.8564767929845227
3.3702486187962073,0.7998806683119278,-3.735024065366394,0.3514403473707286,-3.7987575875863695,-0.3004963915574008,-2.090599807754286,-1.3054332050522022,-0.5566361271306951,1.1401000686972724
0.14695218188027603,0.7893615773249292,0.6633533137677068,0.907228745031419,2.013641033593095,1.1278897540936175,2.7409582461136086,-0.2508293927956533,0.877795523854018,-1.7886792955605026
-1.4115707785933125,-0.1128350724457313,3.718229797065643,0.3109726940637003,3.848650101636322,0.5624620936354123,1.5540343465041064,0.1842210041166057,-0.5343169148716903,-2.033000516581985
-1.180942747305699,0.3525484161989136,-0.07355751974255686,1.4745669811747442,-0.2871909174433212,1.4089402146769026,0.9730125190659723,1.5291999020553964,-0.5608097248637419,-0.31875706381486
-0.7358474506007004,0.7156716817252741,2.391433921454639,-0.29951604326255293,2.229803432438775,0.6806418340312541,0.7282081807718375,0.44826846855017766,0.5050345409371065,-1.3483949969811106
0.030236150523488936,0.1882770509578524,0.15360890769651425,0.9803640650201947,-0.9512019320614339,2.0052712559357637,-0.5526613533241038,2.0423192734318736,-1.1578437328911764,-0.44706273462265467
2.5017014959746433,0.0699069714259178,-0.19483409497492965,1.8107763603018083,0.8179819223406768,-1.232645453776426,-0.6081486473392756,1.850860862930087,-0.002642364644180906,2.0027966039566687
0.9505243229629794,1.106303570578153,-2.4724175468041087,-1.3339891897478298,-3.9039187876545154,1.8423310147019776,-1.5284437156911292,-1.313056319561749,-1.3813829769560924,-1.0079106029751022
2.10768476207065,1.9278835247710038,-0.39247224188782304,1.0958703696671275,0.08028057732559256,1.3608893213718873,0.47832945705750063,0.8760197698044367,-0.7018156683480851,-0.6901117023467326
-0.5320995630679115,-0.4127995193263792,0.7106937858584108,-1.29534835992265,2.8510434452395312,-1.320763262857478,2.8547423226302064,-2.1940754907873394,2.0022345491387448,-0.8887875403896908
0.0010437692884357475,1.026103666921086,1.1518894242871633,0.2634838292327207,2.8623008599178688,-0.5322022540300828,2.2980012792458977,0.2387791295655468,1.319491586114275,-0.29991770559259456
0.07637450093564635,-1.518100964136528,-0.7109605029608017,-0.05656045835505741,0.092125492273378,0.5640098560919982,1.773406224209349,-3.70830978841262,1.7045586832511719,-2.52441498893475
-1.0090240267971615,-1.238948451025355,1.0772454400199103,-1.6735728376450385,2.6268496653646607,-2.227961497063273,1.2351531093338297,2.570307243790583,0.6853722248106974,2.6470417709085114
-0.16577611774491463,0.937376318890193,0.39800290925683024,0.7190770518327584,0.554507713508779,2.274176442744926,1.8984181313989967,-1.24796232020377,0.08823195701191983,-2.9883729921201496
2.2692080551296963,1.0663149788299522,0.5460017570642655,-1.556533921873903,-2.095713321494481,3.2815197848563877,-2.7666825629979095,-0.7748446554500281,0.9137398552345423,-3.008736704424944
-0.5696410836245374,-0.5353530856567587,1.2602165790022726,0.5630441251763819,-0.4440163686583436,0.8851386878594513,-1.4657891222192188,-1.3285827048763488,0.6844084923145707,-1.6802792355908294
1.544779006124593,-0.47760842349950094,1.0943442945437314,0.9320088976711515,3.1370391442918226,-1.7696071846308623,1.2792970098254106,0.4049273590479818,0.15110992105730736,0.8573297235208964
-0.24886600467608733,-0.6660343047001813,-3.525676066294405,-0.36516007136803763,-4.849001954171845,1.494836703966999,-1.0274597714558706,-2.6054908625935935,1.7107083243308452,-1.001313233637884
-2.055172717541553,-0.21362908645157558,1.6527282819481952,-0.222843237456492,1.6650798432952243,1.6795259065693302,2.0308909908729533,1.7932686170705952,1.8524489459363174,-1.209722340003635
0.37403153182651916,0.7657625940826616,0.5057198042445881,-1.1619752169073854,-0.09764114536668243,2.0968847461558653,0.34257674222594625,-0.37412899730239313,-1.0823744252189718,-2.187300876735018
1.3675837777198923,1.1242811319568433,0.3335337431682581,0.9320490531862645,1.6896518981747113,-1.3574234356918344,0.4869539500300374,0.8353454614945625,-0.19092474912883703,1.2267089259057113
-0.456832546189488,0.8651156048281317,-3.677312166443838,-0.9067916575625403,-4.650144425090379,3.980510959807725,1.0211628853382078,-1.1984680753172996,-0.6316515017072656,-2.47705821506416
2.5917461386052816,-1.0019163857098081,0.7021108169539041,-0.49061524388410327,4.419578234505778,-1.7194354754107875,3.3865593257385154,-0.8039610635205017,-0.6335943393124499,-0.12858912313529777
0.6191793313284617,-1.6927521874593523,-1.2971325330636918,0.9241737195134053,-0.970191830606248,1.4457216960698651,1.1581978786695062,-1.934703993454322,1.3403872055416617,-1.9435838130816347
-2.177360435140983,0.2495556512053052,3.3481166276087095,0.6089777607734913,4.038991243833049,0.2583988255435393,2.5239421521368604,0.014260855436484476,-0.4304366736309596,-1.8318248938994837
0.9376622035879828,0.3681358859293088,0.23560820560603501,1.1073496645267147,2.9026349992150644,-0.4892136663574007,3.28193466738058,-0.407499797377724,-0.5893317333044781,-0.5540971880174087
2.0122079518351708,1.1451357314482244,-0.70958537714442,-1.4421445320321338,0.8675513107880042,-2.087278001270821,-0.18140750315084153,2.3464326056619362,-1.1668677297498002,3.144791512500399
1.1876219193775428,-0.35792999855726126,-0.7815819115047651,1.3040932563502552,-0.5566536951751488,-0.4395470409231478,-0.7115473662162983,1.6184200056032971,-1.2416429220185268,1.6008114231055801
1.7938759359341447,-0.4694541849099234,1.9030101734769251,-1.660806142170164,1.4376375274923023,2.1868192254656194,0.06123761761522406,-0.02244307847287108,0.014545191487622993,-2.70685222854513
2.0153194667625822,1.3901155184477683,1.581728140028873,-0.2610929555813112,1.607627045479988,2.1534212790016243,0.6767210141162469,-0.4795698803691907,-0.44122168037356124,-2.9220143737409408
0.2591724184468156,0.10575808367322033,-1.63334457371823,0.8602147615072672,-2.409375249290243,1.7009965251440746,-0.10366981258666752,-2.8746655294085475,-0.7890586077706822,-2.2931144305631133
0.5816352224456824,-0.5524137768072219,1.0461962923951775,-1.1708262094435777,2.425556310914816,1.417535242330981,2.8094898283685836,-0.2881180858269875,0.35204735537221354,-2.246069518277514
-1.2566639101227346,-0.6844706830579383,0.6374325228525464,1.0081742944020338,0.7699946973317601,1.143718558810468,1.4405432313615185,1.3604130147664368,1.454418440091275,-0.565631352675358
0.7739734638987614,-0.5325099501003367,0.6680953821651232,-0.33956003142269847,3.5286517725571813,-2.7551703237193133,2.1424551084355503,0.8493510469978091,0.005119152388141082,1.9888122345269306
0.8053729367943682,1.7876645842304117,2.087124085640059,-1.2407389038214989,1.6243363737818617,1.7843764359848242,0.3617443716119668,-0.9100840166149732,-0.36677197114997184,-2.9254531614497763
0.5134235003250998,-1.6469820091579666,0.40546541826289473,-2.0557669503158293,0.7370351821206159,-0.3007990685177172,-0.004985571837713643,1.2607760455600636,-1.7320673423147843,0.7354338818825913
-0.19679921168308212,0.9248609052561229,4.760534322868146,0.1330179044434128,4.589989475819442,0.4068587942692906,0.5734960819965662,-0.022752496466504013,-1.3641570612551028,-2.3864718515973875
-0.24521705025453622,0.7124145088174393,0.7408516485901147,-0.8963074857694364,-0.17014772011281631,1.6221909359327793,-0.27360846131866956,1.5006078013727597,2.2792458917031304,-0.708323245832059
1.2985393849806248,-0.21539001941558353,-1.1884617410111613,-0.07791688063856204,-1.2721227246216407,0.9233312589562376,-0.11191634771661785,-1.6140214205785237,0.4120687032280779,-1.2324255393797756
-0.14343678863769815,-2.370075310780903,-0.1910456804113616,-1.0009557413313255,-0.24936035813123744,0.043925484683958294,-0.07275694644278508,0.6818626978038875,-0.8045467836965213,0.44655721553239675
-1.461978197055597,-0.2579793410382117,0.028584593175604023,0.6658792518785435,0.4248900791176127,0.7206190999011344,1.6351567352815273,0.9417925660684052,0.6914731782658994,-0.2235324553459419
2.557958210601263,0.7303984977953193,-0.014744688766511582,-0.6224234344364684,1.5903218438481492,-1.177755578078175,0.6747797197966505,-2.378635505356427,0.36399267942957697,-0.6874986124771731
0.1855333241997883,0.3250677570862427,1.0291245373176907,-0.36530965289238804,2.1403035396857755,1.0850785230457216,2.399791787685831,-0.5005755918609458,1.1483863490132922,-1.990445740169014
-0.6676151943611144,0.42416642992049913,3.919051290090442,1.3324126473398354,7.403420483902971,-1.1379669066301565,5.249708837319631,-1.0569202748069229,-0.3596998429072806,-2.117953818438479
-0.22952366976453664,0.45768014709374194,2.0972104500357487,-1.1581579223125036,1.5824543585600144,1.3845707770779023,0.3066630469501199,1.351710891409216,-0.049805333103607165,-1.2590399769937652
0.7062421978141207,-1.7822828919838012,1.797817023604892,0.255538887113385,1.332129899476244,1.527817903482279,0.2733879304825447,-1.6044809497135488,1.1575460488592222,-2.9636468053304856
-0.03348522068789528,0.03614532510224382,1.1739970105455204,-0.6816701858070002,2.0157126998610675,-0.6943484155974277,0.8090090468130686,1.5197590115857929,-1.0618694616177629,0.7852846080289152
1.1360753827928622,0.5352356152890758,-3.4116334042640526,1.0446854367010712,-5.080882814784619,2.85739452271614,-1.457223911317032,-0.8800047562899288,-0.1082011217056922,-1.220386868260599
2.4288560563944284,-0.6861357941047753,-1.9405481646777396,1.401071085143091,-0.865233595802159,0.3468026720258892,0.5641606128084032,-0.6408909549520534,-1.0464389749318457,-0.12013330767421257
2.0491123133537643,0.9843132427485228,-0.862517545992002,0.577100097907868,-0.3752343015439982,0.7478237525023628,0.405045339412309,-2.6462982965333595,-0.3449573965696403,-1.9464374672440945
1.937177115118602,0.28936539923642796,2.076302834525866,0.8411330833829112,3.370236824205336,1.1105033851770503,1.9963165431887315,-0.5943965142721105,-0.5428056173414905,-2.5673217414126026
-0.17631128755976377,2.1864686743860413,1.3360782643804185,0.7859915044314869,0.38982547015754576,1.257328043885237,-0.4772974942088066,0.9210803955830725,-0.12342999950569689,-0.9552139461528826
1.0588257517239643,0.3989216603682735,1.4939915308320537,-0.8580522546161429,2.227553704694643,1.5599166261675328,1.9112059748314532,-1.9218981673536504,1.3856506814615346,-3.3420948912541735
-0.19586793172605588,0.3856128685434309,0.08639549569481708,-0.7685929792293015,-0.26811922183712134,1.3739271007172642,0.2984437839611048,1.6057367248242902,-0.9739795570720312,-0.2796231326378289
1.8918855822496732,2.1372401828896366,0.7390150178204239,-0.560684854957485,0.07207134534765647,2.288341741939318,-0.28153020139803075,-0.6308042087778911,0.0032277245447979155,-2.596357183264873
-1.0457669894666284,0.9020323468337812,-0.9985089585464153,0.39538373179263075,-1.2214696030915173,1.548737001857927,0.8663489046243802,1.82720047020412,-1.4558002184659453,0.12408246943091576
-0.5459913605020212,-0.021260173352529534,2.501852290686622,-0.2450885661453202,2.3690205574111434,0.3063409971922103,0.5018598555234199,-0.044402841318946784,-0.5316862082346534,-1.344882928044583
1.5937043989627186,-0.7215096318376489,1.7964096683796669,1.6410005286329628,3.461402303245332,-1.2592612596768546,0.9731122113179232,1.7077183569344316,1.2298608357752658,0.9296206701323829
-0.6126412575314906,0.595133595835688,-2.050680030865938,0.9910860646649257,-2.4122138412409684,1.8713798924555465,0.9437716112824115,-2.484897401336049,-1.6845943008830047,-2.146437609070292
-1.7380720401677605,-1.3890745200126189,0.10323761997988301,0.05480246343558636,1.2394267133250016,-0.4504547246050272,2.243178497544947,-0.35743747478450794,-0.31604714855872995,-0.1167765338685788
-1.5045867018412014,-2.391360042632398,1.8314691405589527,-1.1778093928615816,3.6734328493198305,-2.1797579052690352,2.111269564209734,1.354245217593263,-0.07345875777795016,1.5131170356966896
2.1665511462415905,-0.333627152007667,-2.7362472456192086,-0.3118308461035924,-3.144122155927566,-0.29698850308994984,-2.22290271771365,1.79900422784009,-0.6334264321523865,2.5693212714661757
0.4457151087057363,-1.5930454645934526,1.0633367085535965,0.6211120174940168,0.03246298382472035,1.5874050533024233,-0.7602297109920859,1.5182237890169503,-0.17268620834423862,-0.7773688259013665
-0.5781301611557494,0.8340140126935781,1.1081345027936995,-1.949202145702155,1.578472226072484,-0.22834201020859557,0.9637066405796956,-0.3702163609018283,-0.11002639510534407,-0.5956706287465952
1.4109549979820568,1.9887169944126857,2.7528373655040124,-0.11085076873925165,5.985015665014321,-2.0994358411052305,3.1192401962330525,-0.20080414659484647,2.2137720395742986,-0.19695993237483445
0.957357707026335,1.8050478131688856,1.0549097406001848,0.3600042764785326,1.6712737845606307,0.9345459692307339,1.2520428627421742,-0.8878285772354746,2.2384903766113537,-1.9651800424102643
1.4332001661839167,-0.06067724662128156,0.5119517672206582,-0.8869740714908663,0.4010027067852333,0.44489066071565286,-0.6580773939569982,1.88831209962923,-0.05452681870504059,0.47807863030801123
1.5706141593231175,-0.5844458712181683,4.14503832742651,-0.31131600618996336,5.1967023471681095,1.163659751436691,2.012614098746207,-0.22286412236207598,-0.2697710357599927,-3.2317121640081137
-0.1557328592579441,-1.0497007207565614,-1.42467699202424,0.3429719197577577,-2.163425791314721,1.1117172127589383,-0.22774364938829672,-2.6717859221727123,-0.8125582213735317,-1.7397636040006412
0.3927196232344874,1.2449416474828594,0.7662896183134211,-0.37814313258081944,1.652676127366068,0.4436934237223604,1.613399411911244,-1.3423762541815725,-1.3312838150599366,-1.7203399995833688
0.04867640315282351,-1.0722523769413799,0.33352446294288396,1.0769866542307382,1.878010154096768,-1.0805562802277953,1.58461537964686,0.4192359953326332,-1.1621867819881222,0.6942235305671478
4.27848631338558,1.278927460308619,-1.596809828445159,1.557943439826665,1.913965004261357,-3.320595639793778,1.1130984641884387,-1.3842884531911535,-0.7078105413193735,2.0297880627458063
1.610322091291194,0.7609253673175465,0.3711946903766832,-0.20820277911395838,0.8496417332341794,0.9561138616127405,0.700740380468049,-0.981096741795618,-1.5118523122230392,-1.7115810285390851
2.1718814676019926,-1.4029201962885156,-3.124482385723607,-1.012311882363408,-2.8440316239388186,0.09583621858823532,-0.7935860546347271,-0.4446668317003415,-0.6498275537664815,0.9269329270807265
0.03732427351577372,1.6977970749464264,0.4564053987896114,1.4918469845909827,1.1402121531041103,0.4667891583864705,1.3948138990953929,-0.6183733098195229,0.08586238987649766,-1.1433296288737445
2.3010718821878076,0.8795565626086317,1.4964054145567913,-0.8941262233945859,0.2724090182160479,3.059657617331497,-0.6830224460744165,-1.1935879215380027,0.5091154182733053,-3.8069632069340966
-1.1483464764117435,0.18274368788491072,1.0291601358240088,-1.7191133000994816,1.2512851717638473,0.49689451824429487,1.2385493290244751,0.40802053497637947,0.5053318536183191,-0.7129402300246895
1.1968515245760267,-0.06852467251708709,-0.7812883689375291,-0.1521902528973085,0.542198505743358,0.35095065806336945,1.6129223230246363,-0.5908653985822903,-0.29359251762935695,-0.652090086159703
-2.0544805303074316,-0.7125444653686845,3.4606948244205977,-1.7615016902829577,4.063923364104824,0.5621034842948727,2.505474949478292,0.4109232553680956,1.7490955649387614,-1.9081309691185873
-0.3536283411688457,0.7445416764522672,0.7760595206574333,0.23522704238293685,0.9519012413010994,0.1984146081747047,0.8091658314655955,-2.0492666112657005,0.4681392062054605,-1.7271446116959723
-1.7904441071641237,-0.7447557981528117,0.25496819946266036,0.34886831128561135,0.16175324004990815,1.2505085657610666,1.391355146427335,1.2268284662805353,1.1770521245719345,-0.5170682616865026
-0.5416384343197223,0.9818010221634776,0.9895914815925021,-0.2232799367380968,0.5789906457693139,1.5895669219712745,0.5902648254964845,1.724699054726188,0.5683594781909035,-0.7810569929869854
1.5852223383133208,0.8272572561254409,2.209385257249175,-1.2173776989056084,6.000968850380811,-1.6952240278197235,4.111875447949697,-0.6539375067244575,0.6781286638138064,-0.7286668622524883
1.3459046102509091,-2.1091740379293333,-0.756759599918436,0.2676462446034996,-1.1287727729568466,1.2648667889383032,-0.17102154932127145,-3.094638458357755,0.3341604907169607,-2.50256681113123
0.9561149484309496,-1.7621297461926275,1.1679333682737143,0.8251320788505923,1.9222960379846312,-0.2938014767102992,0.581813266586097,0.34838789930964187,0.7484216418688079,-0.2259906289259422
1.5550767956426037,-0.1739269435461726,1.4614559552345603,-0.3233034613652519,2.6375741909348056,0.6373294354532739,1.610673985155276,-0.31247596588238,-0.05772272495840745,-1.6818344044080433
0.865080451308836,-0.9607480817496942,0.31876169162043566,-0.4564989131558041,-0.4983007895012645,1.3108674202316246,-0.6547259224743678,-1.06828020828225,-0.1414630229194094,-1.7375869100443724
-1.288044938353376,-1.2720775270168807,1.1751818278323671,-0.862068388304158,1.5466662327263838,0.8685840742198525,1.7194036819725138,1.0264366367622135,-0.7776763752629712,-0.796862183741862
3.0335634473274484,0.9427032305732618,3.7996661909471463,0.22109501810796472,6.783382948163042,-0.801757972190698,2.9834916476545463,-0.7910839836102932,-0.6668652009062703,-2.1056868212242534
0.5766911873815364,-0.08066845812034937,1.1084544359557178,-0.6970671601912114,0.8868474250687942,-0.4894299944012652,-0.7064597076990575,-0.9690511929286527,-0.15666179141101091,-0.5319498286068143
0.66423227431138,-1.1116311481244356,-0.0475901012681218,-0.4374457026334371,0.9016387159944779,0.8450605554757245,1.8306687139496924,-2.1991124380114737,1.1464356600504124,-2.2407297791782734
0.08657288607871783,0.7998876771629985,-1.08214612297069,-0.5823797600489292,-1.5914906275629157,1.0708631922455225,-0.33281300499535904,1.1862010471284317,-1.3624100841129798,0.29614941474002554
-1.6613383213868993,0.27435777885396,0.9262349625432086,0.4146626990705607,1.8495616694091044,-0.18660178763299506,2.1265516890472025,-0.1935500560508947,0.7535203672050776,-0.5640666051152984
-4.251800748444627,0.25026770300019685,-0.08576583873978816,-0.07503458853432114,1.4596647503778117,1.2221461847691446,4.849737779275047,1.836038931685295,-0.6989801122358812,-0.39710275294223046
-0.6351101288700223,0.46345109274554747,0.4526292516187961,-1.193949718474129,-0.21752060034960732,2.13525871259687,0.481574530072464,2.371113431460225,-0.595629020543532,-0.6120480184770716
-0.5339294266685592,0.28063511572740535,0.7104630269157644,0.7972395546149824,0.1895634893550603,1.1967455447656137,0.2044255808791149,1.071583742742754,-1.2205036619147642,-0.6498786800147369
0.5559860866965274,-0.18860994187004185,2.2099250998530877,0.09867592057728578,4.70373044791887,-1.5045829527034171,2.6985610839012724,0.22995523503574733,0.032023658177501316,-0.07237645990446659
-2.5709122484378124,0.7805424775714839,0.7982833192716737,-0.8103747169191624,1.6672845369944547,0.8563197000525187,2.992502791883501,1.134166355286582,0.35070046174891756,-0.6822634202459689
-1.3790236778861042,-0.631483058087382,1.2130421255940667,-0.0734928351489852,2.959751445725664,-0.9989135756436627,2.8794988070559486,-1.8193209872781164,-0.2571029924762772,-1.0831600567595796
1.1693467833490787,1.7387329589068934,0.9151784901234659,0.6026522312386509,2.656338055567812,-0.4144585231401562,1.9148998382440374,-0.4012556289509417,1.3694307048197403,-0.6814030401782953
1.5746356230811704,-0.1534960818169557,-1.1916734995061125,0.46798215967146806,-1.8120322427090374,0.9556500694711297,-1.0483704567759458,-1.248904410745257,0.6418795194120629,-0.9193613398155033
1.9967685616962085,-0.23711767503046274,-1.102939303724078,-0.35624885846666693,0.0885115248915656,0.22692837395072296,0.8936565920460692,-0.08384113819338246,0.5623738916412706,-0.08085503373165223
-0.4681651600473007,0.21219161716098395,3.5829771959028895,0.46693173418688644,3.3209581391833276,0.9702859033721706,0.7287511120120959,0.7863498075582475,0.450195299884345,-1.9064882858437597
1.0130068818074573,-0.41029742695934773,0.5216111896715765,1.286004332585159,2.3686574843065262,-1.8697077318974666,1.0511667120701937,1.0900748658140686,1.300695385194701,1.635817385885346
-0.19231189839976937,0.7737783854581666,0.5354179842589735,-0.8607974993975714,0.29484114446396037,0.8623603022527809,0.252226363708388,0.8767049067633306,-1.6503737959462432,-0.45263552421963743
-1.5395390103032085,0.21929265433934858,0.11645297397803023,-0.051886763393379734,-0.01353530108906542,1.5675689974266946,1.3611479930239232,1.7563871816165952,-0.7832164160757142,-0.4346100290362123
1.4047237852068184,-0.8162454246796033,1.7876950329732373,1.2024910921471719,4.13816492946382,0.7988049862927281,3.4538889567322553,0.8719468195355053,-1.9105592013865564,-1.5833629632378488
1.0106292027201642,0.9127189052870952,1.745304632861077,0.913884673873329,3.493115415077114,-1.2768119830483808,1.3341849022089294,1.8593313433428356,-1.0511278373408743,1.0351137283368057
-1.7841267601111577,0.3136158960900624,0.609411678903851,-0.27682236968049817,1.021996863542788,1.1358705842189871,2.086171220606831,1.4145548902289609,1.8570887767644144,-0.5836487696436724
-0.7404057461742932,-0.1673914827208135,0.6154873066533618,-1.3419472657033455,1.2020660309917883,-0.7228144671288725,0.7448949572546453,0.7968586222697923,-0.7525240202285856,0.7035434716057674
-0.4374359746583656,-2.385205633150059,2.1875453232235103,-1.09528184666207,1.9979249783374033,0.6718451690976093,0.5194760217600399,0.4946423688384315,-0.02255854252613406,-1.2200945096071243
0.7790832411101947,1.0166832302492232,-0.5108883568654037,-0.42541467500352487,0.22499246118469307,0.05712089066944237,0.8797503049014122,-1.7914692167773398,-0.19798828322772283,-1.0402256426637997
1.9411851918502108,0.4069222660684521,0.5846040401515458,0.2789249054337053,1.4048452972284173,0.1663557267972111,0.5002327145675363,-0.10353505281676645,-0.4024204255346706,-0.6703166243451197
1.0652053607669092,-0.36024918809882966,1.0361464718560618,-0.9189903961451213,0.3594871648839331,1.6163599143371667,-0.24844484144196044,-1.3427908581064,0.043101513884181895,-2.515720168402053
-0.9443591454450315,-0.9276574598673757,0.8959298866092785,1.6655616837914278,0.24267610952092225,0.19373831141284703,-0.06812050284604121,-2.882769796698585,-1.5850977186457178,-2.043168170816951
2.53732628240666,0.41034299883648867,0.45317591855238093,0.5306813793663495,1.8192200728005794,-1.2600536714437438,-0.10059851486143301,2.395654942371728,0.28853608614042686,1.972504552246478
-1.4804902711258257,-0.5541319691340457,0.7564748265053697,0.8909591117183222,0.8321796530870039,1.3041958028398746,1.566708904125166,1.4235225502804034,0.34766707486579707,-0.7118507093759289
2.7955567729479993,-0.03873200466688784,1.2724633203364628,-0.13232580405105518,0.8521456342461012,2.013677908877529,-0.4783005166052361,-0.31739099106757884,0.18636903641013358,-2.4607567619246224
1.0183575617846434,-1.9691721932555184,-0.0978872303486944,0.36741789078419823,-1.1749877630007588,1.8433488668366225,-0.7671452882953778,-1.6206362919741866,-0.4552395799064519,-2.293557003515182
-1.9095869345476313,-1.3924006799043362,1.385301262125542,-0.7668025060951231,1.730355717299657,0.8343791751876294,1.9822303730705868,0.8322394301514351,0.5896708113600633,-0.9588526028959891
0.3630882557327618,0.06245001511397144,0.6838016377812879,0.5024204608857422,1.175576724072439,0.9667523153705984,1.3262352776222524,-0.9239160474236828,-0.44184897039958276,-1.8230106980612681
-0.4594233091407567,0.13186417814955612,-2.496353417813928,-0.43435972772354015,-1.590822597242326,1.386643632128198,2.2754655816656033,-1.0347038615390656,0.6065852783091327,-1.0010378823317665
1.8046079340134846,-0.39088587068035563,-0.9891680115569967,-0.08892260883650027,-0.748624082314847,0.9793199196191852,0.06484349612236928,-0.17581510611843865,-2.7660353199540615,-0.6292892794992897
5.483837466238011,-0.09824604250556584,-0.9277591075796845,2.0928885028871016,0.5672471289136567,-1.1007862017001968,-1.1773683957197476,1.0207359673021192,-0.9647494426674098,1.596418234649296
-0.7871166788104913,0.4433837101662473,0.18128413350623251,0.07349205656909144,-0.6536663138762253,3.1942283508975398,1.0927791861157596,0.758689835173376,-2.2706642236920174,-2.337124778657154
2.047367850899745,1.2254326764205175,2.6200281937024523,0.016694364402068982,3.50557571823164,0.39132164201241104,0.8917621861056946,-0.0693757748068704,1.3097623378747734,-1.746764381766622
-0.05356066975664242,0.6165763411631217,-1.5896860340040826,-1.966018830644364,-1.303283110999912,-1.69596996733314,-1.0565051371307628,3.083453356769556,-0.6540668234037905,3.914484723193496
1.3005747244244832,0.949410732950325,1.2382253475644802,-0.07836832016117425,1.1183602620248851,1.1001671687478969,0.20393191803264055,-1.7884171555101607,-0.4052427176419367,-2.5270186443274536
-0.08422515741789849,0.7029509057166594,0.7884803739623276,2.1198892041056467,3.2886314100820453,-0.5990924571770504,3.522364799944251,-0.7810626477499353,0.8685013037377731,-0.8612373330100686
0.7992053140836052,0.461396866196192,0.3942991483519105,0.3470887872192766,1.3577738417812097,-0.092057789733619,1.0342976905235777,0.1274616246198148,-0.04459977319125807,-0.254342558137156
0.8120420397586174,-0.5793429435864996,1.8016905128921161,-0.0016560892418858977,3.721977060525179,-1.1836460471704453,1.7542438874664845,1.7689605378718785,1.1869179939135126,0.8323247123425532
1.2360704396358924,0.9879774521688608,-2.1306498943684833,-0.15818622724764855,-0.4141335008581682,-0.27521642553561376,1.7105414649800557,-1.3008866897535227,0.6922728584017451,-0.006319729226057882
-1.3656084914701356,-0.3463534371207836,-2.0373145156993377,0.47700885512977464,-1.6432188091809674,0.1392609813682245,1.0796072471539213,0.1901507934204113,-2.1404181040495684,0.763775743765071
-0.3597164137543214,0.18525072046237562,1.2063252868118604,0.4504845477560541,2.0928825819355232,-0.8984708463329748,0.8765439235378857,1.7780864597170294,-0.4253366096063772,1.094106915172021
0.8218926909844275,-0.5349306841262331,0.9099776830292361,-1.091083697922159,3.432096422032241,-0.2180619656349334,3.4866324955233288,-1.8431961998819506,-0.7756160905061239,-1.8741455562846383
-0.37046869963917417,0.16300409534896218,-1.3677594716544643,0.6427336569019864,-1.6548129578896067,-0.4513399660195482,-0.8843471422114739,2.30947020698344,-1.4281292899260563,2.3894470710530844
-1.0653519691433977,-0.44188566385128064,-0.07481393715627638,1.052818187653018,-0.5746582282945762,2.1039607614052223,0.8574829507420132,2.393708284673127,0.00764812234488491,-0.38508512053667576
0.5409358520486021,0.7280083185635033,1.051332558519931,-0.7599191098313777,1.0504785442725477,0.9891748878145387,0.5740645599554833,-1.0401870780357751,0.8817763931555923,-1.9459945429673893
-0.1594246725403392,1.7390547389062263,2.262657232380066,-0.2240067938353235,3.5957915019333058,0.24056336239517362,2.399043329651172,0.3782942863449106,1.2222812097362623,-1.3057478994362504
0.4528028195937356,1.232332980851054,0.80208868349378,-1.5533970143341937,0.559971767280165,1.0821336121231082,0.32031544783802024,-1.3816387297224795,0.21588981068851032,-2.0582023546669985
0.19307253157752746,0.2820591314619084,2.8819877802110416,0.9335074093966068,4.217811913179944,0.24679384338202826,2.418605466541691,-0.8746978644117114,0.42726189475352266,-2.2949702125640523
1.8058573370378852,0.1176978361012543,0.6572701089623512,-0.34218115920168723,-0.25231975316757943,1.691102891846732,-0.9418006860220605,-1.156896083323762,-0.5449134814969043,-2.2586804864624686
-1.513933996976107,-0.6975052342832109,-0.07677728215587654,-0.36447171301602077,0.48287571411177543,0.5121401200877842,1.7793396442000549,0.7155436602635106,-1.9589037917603849,-0.15847747739461385
1.376234749645036,1.7160085306882045,0.3748515955182381,0.7862993441322,0.0580635933051007,1.0609712396994404,-0.33311158453864476,-0.6815616372649185,1.372979167026154,-1.4393120014618268
-0.17452537382745115,2.4108216828309006,1.3821346046303207,0.8039869099251996,1.2833404494100273,0.7281059145254488,0.4656258560341966,0.752668890261805,-1.1093732254872017,-0.8007883545505918
0.8118018086457103,-0.1992191289643199,2.7964704763395005,-0.8759689502336988,2.7592043372808432,1.4176887203859105,0.8594186905302443,-1.240603352066532,1.5723436612121942,-3.191728297715367
-1.760066271190479,1.1921691436877073,0.006877729199492144,0.24418646514244424,0.6132414800402465,0.8926297032600291,2.1665264553384387,1.2143445409437723,0.7742009228528319,-0.2661440092883135
-0.3120382708314994,-0.14261388556788482,0.8483369591330636,0.19671134429394155,0.5469779631614218,0.9739362829096109,0.3128734377101863,0.9440035272324084,0.4261839861651039,-0.6346902785156422
-0.7121055021301069,1.6102320828166972,-0.4385108317000155,0.11479283769405911,-0.7888521370947301,1.2658589298581036,0.44248485253659164,1.360999847310422,-0.7480402527263479,-0.09524090957937832
-1.8364493795365897,-1.1641427539283133,-1.3523941400165453,0.36097900159171253,-0.655950908882689,-2.8708920919293854,-0.3907747592380699,3.561412322402854,-0.4176823020492943,5.055764761267296
1.559361803084867,-0.6101632060265891,-1.220445320445096,-1.591248344035048,-0.4390640589822777,1.654451314469942,1.2314046100714129,1.550621028194071,-1.626030307021067,-0.29067145976644054
-3.0766447816180924,1.0571056646364654,3.036405914179124,-0.9183255285526397,3.691004169880848,1.3341609624544646,3.4104578992421506,1.385716620101145,-1.0388228709326388,-1.8803763049276
0.9038288320249254,0.3359116095361567,0.5730791585981394,0.33911104184819885,1.7582041448368777,-0.5913352668612489,0.9692506277853258,0.670630343056666,1.9800970312037955,0.3773324253730234
0.45631487255177927,-0.530910506630891,0.955493820725145,0.17135304591621162,3.2122368238095103,-1.6466195149067788,2.1211372126465093,0.8533127126493623,0.8711413850819847,1.0111416839599998
3.4517987230676264,-0.2771369697613318,-1.10226101305012,0.4408233875177653,-0.42490077207498933,-1.3351369694480275,-1.7198636748589684,2.0903311311495734,-0.26384472657159064,2.7035891038428157
-0.6430588838692948,-2.4565822349318256,0.17811371155853484,-2.1295153369671347,1.431222281782573,-0.3179923857619049,2.1309670779174645,-1.7697928898475932,-1.742203801216132,-1.1079331216262565
1.4259660288866778,-0.2068829891776859,1.738456801471596,-0.14561703934550638,3.679240445184148,0.7035310329861559,2.8867201268675675,-0.43741751407017315,-0.2812826243118981,-2.1218994972111216
-1.4998053389541064,-0.49298677666382607,2.197922056249662,-0.3693450736937691,2.4643903430950544,0.555871929023231,1.625614980639501,0.3476835768568721,-0.47238901407606926,-1.3135538012261203
-0.39940125344613153,-0.6487367584378172,-0.5178104506256502,-2.0842330880275997,-0.11627099886323108,-0.2396477153088199,0.5999085823753818,-0.26413351399484286,-0.6292308999603292,0.19084665924509
-2.996029174078336,0.5503523803184329,1.0163970282085537,0.45623007379927843,2.3910468721771805,0.059799855339960684,3.5390014356643738,0.20977546178501327,-0.7371987389964771,-0.7048188450023596
0.9541275687855539,1.9016324972506367,0.8077652871234765,0.6721628288863577,0.26912172824009134,0.4154078081218249,-0.9162786596636701,0.24413003970253244,-0.7179693881599115,-0.4540340412948544
2.203517177510229,0.06580071487386815,2.334190602271677,1.653191117160802,3.658710139359716,1.7034193512590605,2.3330060806644717,-0.7356188555268437,0.36249486603969727,-3.3058006515361185
-0.43697688128033163,-1.363953397633791,-0.0760120248933901,0.14602930382766183,-1.5308904447549259,4.919230366453538,0.9193382540032858,2.5280441434145655,0.8514171676439817,-2.630024277795533
-0.1247822348242087,1.4991691927388555,-0.7035697568893455,-0.7375117504807359,-1.1556312164095284,0.9446600990624655,-0.17120600287474042,0.9459126829602124,1.8376429816305415,0.09712613228499654
1.0468986162595093,-0.29299199286405303,0.32727418821445964,-0.39568885323097286,1.3817011938816526,0.5014274549920048,1.4404761819299647,-0.052473375016367396,-0.20775848381804404,-0.8906956843637921
-0.20831987708061295,2.1840257810158743,1.6579378422002309,0.7140145025859218,1.7649023917645288,0.36398820977933155,0.6200002711468375,0.3486948896908987,0.6714666252264752,-0.8703051802469527
-0.9949390241004683,-0.487611722142661,-1.3648462410413833,-1.5397438909685406,-1.630500175943921,-1.001571079330039,-0.9292936873226421,2.4853320896749116,0.38238269388506785,2.984845692972471
-1.6966456150521374,-0.03543951723882565,2.234589151572715,0.9237526282423003,2.525026829913932,0.988961581571475,1.9686812711832782,1.0294803269485588,0.1211786515638062,-1.3387637725949089
0.794630432122126,0.28377140346975255,2.0325786357863533,1.5746660475660246,3.5359186218675647,-0.8364735403586128,1.4553975110922808,0.9842632532709915,0.8070373725910259,0.0729915015255612
3.47953369422995,-1.4157391646377044,-1.1069530367186762,0.16604148181996736,3.19106966065775,-1.1967695070501168,3.7685406650244624,1.6953269780937474,-0.18256952104646246,1.4554853187278807
1.585336743553549,0.6482981065752653,3.8238993352104447,1.997831760800303,5.5135068116724035,0.562544878956148,2.62595679163875,-1.17734063527171,0.5956052360141701,-3.2511255967773445
3.2930802395314123,1.638615562653274,2.2750154555829045,1.1563339493900997,2.6727075857621627,2.341717842503555,0.6877381259576213,1.1306862774467086,-1.2829745048870953,-2.5670297148203365
2.3313314237486598,0.819474822667558,-2.8034040247074277,-0.09705511753584235,-2.6330646967573283,0.31201760181990146,-0.888887586057497,-0.1359205761186023,0.5147685781073943,0.7957615831349429
-0.08779411572194096,0.6182325589342892,2.4466816659204986,0.20915761368664218,2.2170859961581604,-0.3081214950179416,-0.16590344225333364,-0.951940178298261,1.4573640364662177,-1.2585051540536647
2.0250102105817867,1.0830705922708894,-2.0571809896905067,-1.8723145044669767,-2.135307895361056,1.849749931555837,-0.2114889087010614,1.4594194613173488,0.023029711565796345,0.05167378945569566
0.9998774015368992,0.5098440619692045,0.7835303078505153,0.6220764565469425,1.8200052647460212,-0.7493136294330605,0.5900788415060925,1.0682646238108557,-0.9734965131475587,0.6941414667496452
-1.412463421887264,0.7057542268524003,-2.247635960050229,-1.0987738030326881,-3.711037021231719,3.6644971217296445,0.7099020235691125,-1.5965840568895278,-1.9741339343218547,-2.9077485175814273
0.8900905722396706,-0.12420801481674192,0.19155670972137584,-0.9732099914896957,1.0227013605004167,0.805953946124345,1.3949990999772215,-0.44772626619497313,1.8123360221389202,-1.2789285075900685
-0.18801963190717585,-0.1779331314151435,0.37508671869645804,0.16568301305590558,-0.07831610705214347,0.8292452265140658,-0.08748434156748819,0.7028783929569544,1.1803377097129921,-0.40009135557837505
2.101516985186491,0.5782620371057,0.27374059551624164,-0.49703060406500926,0.020729889214342892,2.0608264545372146,0.07077488600218329,-0.9028977505272535,-1.9337465421093296,-2.4483450998755667
-1.8324874973557395,1.1596876738305442,-0.6280104554172037,-0.3474929286209198,-0.8036965206795201,1.3369874761256606,1.2422925584411317,1.3627154518126643,0.6536400124579618,-0.11781193831819801
0.005194971241714863,-1.480220107753938,0.43175137120816287,-0.5764196690162944,1.1039616751242267,0.942286289588353,1.7753387252019501,-1.5698233822024679,-0.05248076668591357,-2.105201280131212
2.297681013079612,-1.1570699360793446,1.7147972831135943,1.2892041707190796,3.810962983983746,-0.45705292724380275,2.0254744951979218,-0.9423349579716072,1.9305109152250999,-1.3866372928711967
-0.3926703104881992,-1.0848154627572375,0.022398344842540996,-1.1353333393747589,-0.4383796913937169,0.8696558452980445,-0.019270224234185118,0.7594450832707026,-2.1983119654348697,-0.2504915957845461
2.377302756966932,-0.5470205463031582,-0.5862435689172032,-0.8215955309212299,0.20794302965809544,-0.5172996924225133,-0.07515505852897864,-2.504042555786996,-1.2935431927719383,-0.911676742305898
0.3118488540823383,-1.4650390472516972,0.5918484224563416,-0.6529002222887164,0.029428264701325358,1.2360352872677616,0.011851097590107718,-1.6779446903520538,0.8679583880662722,-2.1969987813396274
2.9117809078751247,1.4809969310358593,-1.3818239582480867,2.4554850732337656,2.0302822025483653,-3.931623361527736,1.5424868331578419,-4.909099871040085,2.60522504511432,0.507210530570917
0.25607627017666035,0.05382885258995162,0.999132079461278,0.12382482342987211,-0.006093304711514124,0.9434690977928272,-0.9583172549499261,0.4994906053861251,-0.24582206450028385,-0.7525256740298536
2.3571525700053195,1.121654963386003,-0.19188183007899484,1.5418293814412876,1.8994225343881448,-2.1155035735345167,0.5586472023720795,1.2154834266712342,-0.08268879821108592,2.1733345618900604
0.03826446181053211,-0.1642338297124007,-2.0001724762951607,-1.0373761529113739,-3.627633922198236,3.351200913721574,-0.4730929115401876,-0.47585961038462055,1.303228551847533,-2.0524682500033333
-1.1090963689381543,-0.3625828700107158,4.9907564862005245,-0.2448868625803285,5.785412228463186,-0.7246091655725846,1.8425569351626514,-1.2490431225922984,-0.7151617781949579,-2.395172755009913
1.7915923320576224,0.4925087259749594,1.3944631061584856,1.4014785032564563,2.3066157920738086,-0.06602931939016576,0.5396685924317364,1.0200601595335768,1.8754169689115343,-0.18802023665287762
0.11605876946044447,0.4365751123102468,-1.445458322281668,0.3463103307217022,-0.5997928714749126,1.2112912266973577,2.022112334295916,-2.220871366993421,0.4122172020649489,-1.9577306059630486
3.9924766264899447,0.6860130455720096,2.143071339166295,2.1367562514521574,1.2630480862799494,2.7891098325282266,-1.13466221644991,-0.29861841414525314,0.46769663091807967,-3.417835305768229
1.0685874022256792,0.2918384828379896,-1.0835320850058583,-0.04332890341396588,0.2968028779811904,-1.6690482809565785,0.23081975877318706,1.8500451892609666,0.2556690336173817,2.6934154363434
2.700994246480419,-0.9567106520842602,-1.6719553388274742,-0.6022813288147151,-0.7706845430445843,-0.7910319747411036,-0.6710791679046963,1.143594296407607,-1.190388621329417,1.859845244249229
2.1222913774327736,0.18695731120616713,1.3934352229799805,1.4782467298518136,0.40420378433489473,2.1103457048987697,-0.9010069253051081,-0.7676182537127141,0.7791922446559979,-2.714763945347778
-0.31647251059158155,-1.5379818688605156,2.191277826568045,0.0885872089252529,3.2616856500538285,-0.5623797316517858,1.4709385541259206,1.4433517394335968,-0.9953582621199101,0.12836861463394955
2.659099270533924,-0.7583621243016285,0.6916816640110841,-0.3955998812857537,2.2253432777498867,-1.7377438390733526,-0.16422178771737417,2.152495338170066,-0.2673898616951043,2.1231140700800832
1.0257149991486707,2.011144506882512,0.928589740331805,-1.3333322888670953,1.7757726082933638,-0.3360607480580001,0.6139747376354253,0.607604908114024,0.24189483078283683,0.040141381144809966
-1.132761595686896,-0.9042333238903697,0.024627464866305848,1.0534338372770258,-0.46434087509390615,1.490860383136114,0.6070286472765243,1.489701593874727,-1.2289903321651687,-0.3897361004932393
0.4929361178263669,-1.0200355754169463,0.8569771132631737,0.6837119353430842,0.6616253374864732,1.2413671491530576,0.456379229386466,-1.142868690765427,-0.4864727195041531,-2.101790327534518
-1.6736370951329032,-0.6767483379060516,-0.09934312946643953,-0.24825037016782162,0.5210555362524747,2.7575506065327753,3.593174206765316,-1.8909402927085606,-0.4749847015269688,-3.692122045744619
0.3129456417442408,-0.44390047493218376,0.9514043255961984,1.4644676152265435,2.507881017839283,-0.29871993012952025,2.156889097333905,-0.9212537936497719,1.2475434811796942,-1.051044945644019
1.0223039068298714,0.7627326510194146,-3.00162251668558,-0.2221299304845231,-5.977088198206389,4.11346471725528,-2.6181810780543895,0.33994071557261685,-0.20379703388986284,-1.5164173911286243
-0.12591940127167822,-0.7204135202895984,-1.6060573274573442,0.11872290229712967,-2.2945661577475756,1.6775725075495236,0.2621771412862728,-3.6739232990389,0.6144268246040492,-2.7608055053408367
-0.5000501193281526,-0.6252888758930966,-0.3553796409836253,-0.41005037828148583,0.09936470461363804,2.3677066578226436,2.437449278108674,-0.784432720118682,-0.2655739876129275,-2.5578250985523625
1.1846359407578062,0.44027537636104813,3.577808809108711,-0.33354128329956373,6.079670690677624,-0.9898478293710505,2.9720145537552805,-0.75285480216786,-0.5207791432334041,-1.6931211268041846
0.709123087854791,0.3109848973757788,1.6998745776079165,-0.4377555537137188,2.2977791280591155,1.1649308891269767,1.4681926404272643,0.020924254215944238,-0.8200643365466902,-1.927463385037277
1.4576906903288704,-0.13987728787942771,0.6713911157093599,1.348315664943483,1.8365697015766407,1.101484020868732,1.7927101487639865,0.372815241429608,0.04064549137426928,-1.3694278618324596
1.2668319543827722,-0.39575409363778835,1.0187465725158005,0.9940685613331129,0.0012310788049345732,2.2239091256387677,-0.5214410372451634,-0.7052686861038926,-0.5158698957503275,-2.6119570321496446
-0.05677007696662284,-1.2485849363629127,0.918520108112798,-0.817479978088589,0.6440487718539115,1.151747274125435,0.6768813770050237,-2.6739724852734916,-0.991545408821283,-2.9002982108080797
1.092620179004715,-0.2278883876574515,-1.408856044774599,-0.5093232219531014,-1.348896311912688,0.6377330862359302,0.125189957502709,-3.098050194993087,0.14087076432872744,-1.7609834822140822
0.6112602140221719,1.054243258583639,-1.3153689442444936,-2.225787677481064,-1.4921602178077293,-1.2588738840071405,-1.7714424927307109,3.3710257257134364,1.2669862231217532,3.6769411271015797
2.282499298009709,-1.104427627233143,2.0913839958589078,0.5422448834032315,3.4216809214685666,1.1892061144485286,1.8701032178236272,0.22618215151677745,0.22636100874214524,-2.1865331294627444
-0.7698735390122201,-2.0103028992422014,0.6304108946837299,0.1733491601808196,0.9280569874792842,0.47855893008658423,1.1109902856433411,0.5699837108967253,-0.005025718833754713,-0.452077810336033
0.7715275150086749,0.08420671116555013,0.7186114981854461,-0.9684273500888295,0.35710766510588227,1.5051778216912957,0.3286419723931061,-2.1996165341430416,-0.08177786684968194,-2.845061505129759
1.6409555127909088,0.09000243731482084,-2.090312331344611,-0.6491546097775304,-2.453351602680087,0.21112830254432136,-1.4712243927913127,1.1524861352046711,0.10309606445983117,1.4509728830371127
1.1320574873971778,0.4494071769249465,0.038748149346335525,-1.7714675655005128,1.7737019431699186,-1.5393730333990883,1.438024554302377,-3.9412244337296536,1.0220589206143285,-1.3030016046233672
-0.33256439944027605,1.5041897450766428,3.5237329942873545,-1.325004675437493,3.446289331625244,0.16210444476757968,0.5188200977993744,-0.2866311799342367,-0.09755583355160954,-1.8058561229330192
0.5735679735689245,0.9359518188945214,0.4695331903008213,-0.20321500837881018,1.5242917188475609,1.0299313617335433,2.03479544173222,-0.3653490404690618,-0.6776676582004513,-1.6095361286076382
0.6459090103818431,-0.20724237499657922,0.6273696965252015,0.7653988700804039,1.5008507012979448,-0.7051206021491694,0.5115280156288793,1.1948528173535433,0.15996535829388173,0.8348276884480059
2.3670747000124264,0.7237868203150801,0.29074693834181486,2.211202037533514,3.046531681076545,-2.178439016058637,1.876532233649788,-2.4586040009517482,0.10380833183471913,-0.24055410478091624
0.8916417648109276,-1.9052870786164595,1.342090344732645,1.0935261178099314,1.823624776784698,0.9945135251735713,1.121158103064791,-0.5788650108417723,0.8963021008829385,-1.9330096917730752
-1.2077950612672734,0.728496430129293,2.2225282568219416,0.18778111790701513,2.2049382664600103,1.5606183833376672,1.5825226416552556,1.7554616949879889,-3.378045403955147,-1.3630663581963218
2.3131748303765383,1.0655746135322104,1.846984337711019,1.6794099856306453,3.064504841146215,-0.27812953628726356,0.679443243660553,0.8572748258660234,0.09140161524711438,-0.3600392444163081
0.971168654844442,1.3401755021217012,-3.6692762421639658,0.17443659283646867,-4.639568770177006,1.5248819672252076,-1.1692507626172106,-1.3612111314481639,0.10319922859361577,-0.34699057137198724
-0.0018135996669137455,-0.18132660374880466,0.7405782511285659,1.3376031746291321,0.2724163348666224,1.3199709539436477,0.3618595240381306,-1.6546948923721045,-1.1618681097833057,-2.3464870245370433
2.700797521432081,0.1538018347147598,1.2638863931341426,-0.03497840882629217,2.048976676961375,1.360049552021502,1.0806385006327395,-1.8812402176215324,1.065112986035753,-3.055479594930934
0.6398016680285264,-1.52295540034287,0.4529632243297276,1.428163380539612,-0.3757528860302319,1.518804781414171,-0.23005766061738586,-3.24439507803717,0.834083622747963,-3.2236792720624057
-1.4061257063960508,0.1817990266018409,2.247625273188187,-0.1257883163106662,2.7551447888681504,0.46099934303769663,1.8747270384420625,0.4706379708592061,-0.7964170552578368,-1.2385838656744197
0.21370180301026176,0.8465505186335776,-0.4658196721996204,1.3100226588508028,-0.09764931949453937,-0.8464403743576205,-0.2794631193335215,1.6423571061833584,-0.16591076926727247,1.8153857712217463
2.1013997759640937,1.9979121592796858,1.331943778846846,-0.9697721219619183,2.0563453177082383,1.3140466611782893,1.0872702733310278,-0.1252250611931559,-0.5969593803194881,-2.023287425001
-0.17380105275508095,-0.5506748658159237,1.9546358874805594,-1.1537042425330684,1.6060995232886595,0.3296116575295608,-0.026561339726585587,-0.07873473683125964,-0.6199160778814431,-1.097804836859585
-0.06821613088358336,0.6440131213433001,-2.0880338314691635,-0.4202522172474345,-2.6840156788932616,1.4477967426423726,-0.29930294276204505,1.7097143570806774,0.4635373500022789,0.7071177968703288
-2.4745078944099372,0.640696948616278,2.1972032790432885,-0.4047956214743886,2.830512363497707,1.2922237436728725,2.98022033045053,1.5148448473555707,-0.8021624989608522,-1.40402067113264
2.0882970506481175,-1.055984592517438,2.228174663657813,-2.4210778853104857,1.3132966110193607,2.5655222321399025,-0.4734366086819288,0.02119676260143266,0.836470506409441,-3.0549633055963943
-0.3040047462944804,-0.34935085251018283,-0.7149825391385682,-1.0752625891330476,-0.167554002184328,-1.9409680942394787,-0.6589860111670038,3.5096832353438745,0.7566777420569872,3.9403206437630547
-1.735564687373322,1.900610221755673,4.703398468372971,1.6328882745906852,4.67551323702176,1.216749972719995,1.9131372582597246,0.939829644874468,-1.0959870017519207,-2.5792144514654503
0.4358178109998283,0.11983761183359028,2.5079335072974294,1.0539571702293435,2.758098790179072,0.6057098394834812,0.9084503858958954,-1.1510850686701115,1.7784627949365057,-2.349242639540298
2.203636984087061,-0.6166460067057438,-1.7210426926732103,1.0017373432161516,-1.1096362223925116,-0.51116302321721,-0.46218799252506026,-1.5436689368011685,-1.568762813810624,0.16501761775914345
1.9796953574531173,0.4505067838692929,-1.3024692004608487,-0.5364681666514491,-2.1971884397877672,0.1924628987018513,-2.4545508273503,2.333667362931447,-0.22477485015055834,1.9349722111032897
1.2301067259482537,-0.3072881838766622,2.211777462839818,-0.4862402990873158,4.268232881542116,-0.9834761381509465,2.1154853415522323,-0.2908094950834339,-1.4265295959095898,-0.7372536936631524
0.8059555875544069,-0.44618045505757126,1.4934455480552304,0.21175804778082535,3.184867491723111,0.614726963477384,2.645727017299419,0.40034136207833115,-1.1632461804142051,-1.3938375317391969
-0.12014886503006772,0.34253359541509903,-0.2831329210299032,-0.7673458587567938,2.3237348587917905,-0.787226198605808,3.540959384493338,-1.5679593874294167,0.010453510911169323,-0.7054645616173175
0.8886495657242255,1.0151299647663028,1.1322945327971194,-0.17112859167641278,1.3580605962699408,1.2953749265116132,0.8839088016818573,-0.2641492921305907,0.046707782711191026,-1.8728782753138857
-0.03927136952070964,0.270483677403617,-1.0018921385813089,-2.4257143663957472,-1.9111978380236163,1.4899238087190207,-0.6230969517158123,1.4906178937469479,1.030446774998552,0.1544308048405198
1.4713149767752134,-0.9298524034482327,0.8671076718923059,-0.04025685560266716,2.762236355183128,1.7433072534546916,3.154134492802506,1.9747465394616657,-1.0655433037529956,-1.3028677683611836
1.7094645009584637,1.0737496323391222,0.2591677799807087,-0.35611217150723673,0.6973499719758862,-0.8356597266869411,-0.8880531605768089,2.825609267346648,-0.35106851834880337,2.148443818879014
3.917763254169224,-0.9629049411812349,0.960036747939689,-1.0338051254904104,3.4798045399695234,-1.5656248855975776,1.1395830570151446,-1.0073405114452476,0.2168826909238591,-0.20157636485822478
1.6195880421602602,-0.6162715290277275,6.1382334742515825,2.24001492088654,9.435548902086856,-0.3413148908258228,4.655146338655204,-1.1374472642929847,1.2085040880904196,-3.8013714503572755
2.3528981046987445,1.5467750292496198,-2.319376665117514,0.5745036969173664,-1.6567321870320206,0.6310583215629105,0.10916911952156227,-0.43068650301660827,0.3884076606797823,0.007198990973720267
1.2703317067847097,0.8518112173687129,0.7756066584908228,1.4008375679925953,2.7272224263503317,-1.023792450449625,1.7616963626241264,-0.17676151430846,-0.895596230824982,0.007889164006808098
1.263214776336871,-0.24546693183937307,-0.4164976856903895,0.9769949045925254,0.814160713913063,0.8032162022203643,1.7203565348655596,-0.06350195027025962,-0.6407272538168406,-0.8957034590782836
0.6679478651839427,-1.427243191996388,-0.9293465434507269,0.5738022469503191,0.21209380368500222,-0.10679537172890852,1.350874329456305,-1.3779866668901126,-0.06134969304254887,-0.575602427072528
1.4466582269061292,0.629668901101696,0.7346514527944961,-0.2730789946306578,1.3120240165892878,1.1184164814135575,1.0814400881292536,-1.199997546815953,0.2875411660355849,-2.1644486642645715
1.2757125929404585,-0.15020835567978155,-0.6398999780237409,-0.6223007711651315,-1.5026987581293467,1.3287181840020887,-0.8930221924936914,-2.226291690358439,0.5613324478132397,-1.9928168442028946
-0.0838969701889124,0.8222726168241713,0.5713743909416324,1.6683284816478596,-0.29215496615827047,2.330881121370508,0.0545220824194913,2.6221416843363254,-0.07318593620272767,-0.650882592283536
0.3905391269720636,0.029646324235896117,-1.8916234460805423,-0.04461941623813592,-3.598750054655555,4.958642238816062,0.019109890092715354,2.398635330054411,-0.44460867781494207,-1.898720469187106
-2.113026812034712,-2.105427092599513,-1.2255507677587343,-0.41881868570506786,-3.5890311518287734,3.7957728468434997,0.015183161497271502,-3.1178234239247606,-0.5981935538280998,-4.110091178560972
-1.161189199484173,-0.890032368165661,0.12384101086176669,-1.1381385797439716,0.7312322881982338,1.4619281550743608,2.5603213254062482,-2.1067375200628558,0.019488249061104888,-2.732421584780295
3.126305049902938,-0.3331102445917665,0.27449726147026765,0.12354097968601384,1.7434472930242522,0.27338675579165495,1.0152964564685338,-0.7656619061966268,-0.47860103555005756,-1.1765681006099367
-1.8036886945276867,-0.003939311179785047,0.49278640908670235,-1.2330094981118223,0.8426057310971232,-0.08454236972719742,1.5939266955516653,-2.8123014848858556,0.15441937606031594,-1.823505060600342
-1.3734839526672835,-0.19488372320222289,3.811572115431635,-0.6035260520808234,6.2414694130744826,-1.561248356637305,3.539612423342451,1.0693932935044934,0.8054765446686162,-0.2090778232683186
-0.29742668363668057,0.29631671242716817,-0.19851059058670195,0.19881238421431913,1.671700945003791,0.8382738283161486,3.5024868173708126,-0.8656342403436368,2.1025108629743348,-1.6340853576841723
0.738191034348979,1.0046629964141751,-3.38738930212451,-0.2654688152503776,-5.440520526843606,3.3527867313118014,-1.6013003116109323,-0.06637415676267078,0.6676737774947428,-1.1197875887934428
-1.959641855687757,0.9955460612526675,-0.5878608555242877,0.6866733427081348,0.025287480802290863,1.536759062225486,2.530458401127001,2.178599370778307,0.1578974555945831,-0.04600574914972402
-0.3193477040541046,0.163779716215932,-1.8531138477646623,0.16196898543786956,-3.1161760262350517,1.5754526609345514,-0.6362293278732087,-3.175904259742063,-0.6169516408371605,-2.1342265458832834
1.0030601759344746,0.701232226422583,4.602205102913615,0.06576063348035205,8.606277790264077,-2.2072859072251623,4.597587015344583,-0.506893074598219,-1.3833111685395276,-1.2594456246180508
2.7037689268778573,-1.036613039858581,1.0160495487197267,0.5109357086596632,3.2090072004237,-1.0776253840103196,1.4444019507492019,-0.09081099797343328,0.31297251214737903,-0.06116333783065868
-0.4018722581149471,0.7898407172702412,-1.6320552985505192,0.002231022609111057,-2.2556433985127775,1.6058576339214936,-0.04657595431591188,1.7679042307537225,-0.6267955669942573,0.40845212467608527
0.33794781353668624,-1.7349512067250286,-0.1651040073349459,-1.4017980385685742,2.5655673080998667,-0.9790461538991055,3.5088687459383965,-2.736097357152426,-1.6347988635949158,-1.2811109814234916
-0.3370393579292361,0.20911020849956266,-1.9136145047393458,-0.8274642300712292,-1.9531203357498492,2.3210831535260548,1.4514608767036048,-0.8831641115671394,-0.17234812413991044,-1.7796739578192502
0.919381719859286,-0.015455945624725494,-2.607093041355217,-0.05979199875501127,-2.87639263532421,-0.5681337652518057,-1.6652646395563595,2.4996519124164136,0.49660020138244754,3.1292090484844
-1.097613472596017,1.3251578114129707,1.6375038944678773,1.0459282706432316,1.0695787798112466,2.4115456460245546,1.115484157771765,2.639673836822822,0.7455157974381456,-1.2432206390848974
1.4026957161166569,-0.4429687672098414,1.3721763644460299,1.014803854115113,0.7962098533845805,1.7126454105310218,-0.23080559547027457,-0.537955277454444,-0.17307905400342646,-2.3138308634614972
-1.5173141234339995,0.5576162793528885,0.24195480044782813,-0.566499561944677,0.3233652247841198,1.0259257686029601,1.3937847976149051,1.0938567740078728,0.6730866467965164,-0.42746286079084583
-1.6859706998133928,0.3442942064896434,0.1385353657307664,-0.79539607574809,-0.4150185363450606,1.6072275577149244,1.4064762307234369,-4.766126903784848,-1.132860115988358,-4.1002048898171894
1.4650866992248937,-1.4090405771471866,-0.24616957522337302,1.6735346969888791,1.5778453382350113,-2.255431138641963,0.4151072586380137,1.9138516197857274,-1.5023542073324645,2.7913899440306746
4.290434826693723,1.4539487971207181,-0.7044781497330592,1.0143179540192653,2.297677626735397,-2.0731612423514982,1.0600032773521768,0.5351339123407308,0.17809998218979634,1.7354610920645102
3.338324996609294,-0.08002177248830038,0.6816517740598385,0.22253807445090587,1.5047736769309157,-0.774954305097063,-0.8828225224283406,1.6946627386691229,-0.7348329213650187,1.1658335012959247
0.42530702957645683,2.314976444627771,1.8393339142689231,-0.2009663766497921,3.9577613416974864,-2.235227394348239,1.6463592232623245,0.849635859174782,-2.024571547407348,1.1981977935760029
-0.762059755108313,-0.6877371904647787,1.7306657719620953,-0.4515922520713696,2.998407680823871,0.7604206425544023,3.046612295975482,-1.784938784265869,-1.5731099107937243,-2.767102645224714
2.4447329500763475,-1.1008290702939636,-1.0545845601198682,-1.7571105508085707,0.13596055702803,0.2760427181468522,0.6107287136586699,1.1733524444706802,1.508921391114313,0.5708792326204506
0.5730271547607236,-0.4924114219395126,1.371866085758752,0.29934134305799104,2.1527077197445488,0.5364877061464878,1.3164813942752254,0.6448092496443425,-0.8098156091807038,-0.9042131902628279
2.9692347333970144,-0.1158958039916899,-2.257434111641126,0.11969499269901042,-1.4830130576420577,1.1545147219787504,0.136801936723551,1.7375262132914449,0.7108955707811346,0.714117327049864
-0.8921318882554141,0.288104523899089,-0.2446743071472699,0.5203430273336811,-1.21255474743234,3.129773653664574,0.6053076858467421,3.6232710456374844,0.7344051681265386,-0.42594364724242273
2.87466656647112,0.15496559537495685,2.080338756724423,-0.3158056639291994,1.5411707456462858,1.9569513840180086,-0.7010434923810942,0.3000939100025648,-0.4821322653478925,-2.3745598605631035
2.1997773689609335,-0.404668457741028,1.9773403484929835,1.3139726905761124,3.44072552676737,1.176626636631645,2.1583753135592385,-0.5829491234652296,1.1931313879349899,-2.6210593065014294
0.5397539000460774,-0.7427063956604156,-1.1146863662401145,-0.4952568094670058,0.5327315011106696,0.34308254133642646,2.4554444775233937,-1.6921368638076626,-1.3867910842223024,-1.209316090857679
3.260317496277084,0.2791859761909743,-1.8256289028786796,1.9571477357774902,-0.4041753531897409,-2.135914436824858,-0.5447420133237184,-4.217074604909855,-1.5855536497674025,-0.04485145475808037
0.2567719836392979,-0.9841186759854664,2.366462903283996,-0.4183989572485286,1.6083735139970532,0.713244577311444,-0.5754588716361184,0.22197221802946232,0.053118335351641364,-1.3510947103101563
0.4929149097623964,-1.2547612298746227,2.0191413846391297,-0.15491888363481734,3.965143852340983,-0.36460072635692353,2.884841525540165,-2.7946017345228844,1.4218387441074416,-2.617448323285198
1.3816785062798091,1.3725267924294984,-3.1725891345210773,-0.8581438762806869,-5.144034549840943,1.8715922854295517,-2.695919466523883,-0.012113169157019765,-0.2946207960117234,0.14250914999908895
-0.8473180345298121,0.7828609552369601,1.3328198214341331,-0.3006321475754473,1.3257147559345999,0.7171564838104678,0.9058992837584496,0.674121413044419,2.4087929836251756,-0.8354932971827799
1.5186144736578098,-0.32937580555040785,1.6865172074414516,-1.1902949310718631,2.690426426124917,0.8506463758538874,1.5149398680472337,-0.15320980263711004,0.9216491790195798,-1.8385747435133253
-1.6139637444325037,2.413237299466772,0.0007534792308435678,1.1426082054026214,0.2504840158092225,-0.7480597563460978,0.528319515023832,1.2433435582310777,-0.6258609395960595,1.3317111262421049
1.4428222370973276,-0.18564976151652274,1.2023133095011993,-0.5099620307638606,0.07901939201549568,1.5982342713826898,-1.0790148085161375,-1.3560269531741653,-1.7487867891642772,-2.4683841658846535
3.0428052177157956,0.6447023668818902,-4.473351593460511,-0.5179832500391981,-5.518662875520323,2.1980513178701218,-2.0619978851119205,0.6108094852136963,-0.5862065606698775,0.5267206905737911
0.7032602914441141,0.7881808604332671,-0.08472831074894205,-0.13888012711783224,0.591554321327238,1.1672472438230752,1.4379416918060342,-0.29372111995545014,-0.003007640641997758,-1.3614714113238857
-0.8876815156423883,0.8970445709905704,2.5976804351745884,0.6609173145716744,2.555576522983126,0.755655198787877,1.0337814241826626,0.5590253076187528,0.17930980014204526,-1.4712206803489205
3.7660188347339427,0.14657346742262786,1.5277070281945626,-0.3916579240437559,1.7254450203214766,2.4590344035772906,0.1990085089861272,0.8365856864643761,2.212599770552098,-2.471915617010219
-1.6829066667397106,-0.39181429984170724,1.5973946022306476,0.3129708529545733,1.170420448018888,2.042293486687436,1.4060946398326621,2.0762903489110327,0.8339379122929447,-1.2457672243817195
1.942745842031219,-0.33983623699482807,1.1131644561737266,-1.8695611844257238,0.6273517138688237,1.9039083940077903,-0.2075416150899887,-1.0131195211119348,-1.0375384670924939,-2.671438455299894
-2.2470554246771215,0.9635036627712087,1.8942470457017033,-0.6910156837361533,3.6795011021914763,-1.8236407220061643,2.6167724677365025,1.160832816754049,0.030233514790833096,1.0681596901059431
-1.3501325385922127,-0.9469706535629016,2.0138420187275483,0.4669425145408924,1.9077900312911853,1.3220778684975476,1.3880697076006672,1.266873657776464,0.4870871014270539,-1.313382251559052
0.7021149163427103,1.3341696105133831,0.1419742242525519,0.057945760749276105,0.3806298103735204,2.0098451073071057,1.3587433222250005,-0.45761781640167054,-1.4443421398066654,-2.209399071870205
1.0510711157541544,1.4398334524316967,2.3747575533218654,0.5928260111183128,3.9787248155238224,0.6054890557303821,2.5530775504301086,-0.35714065817735896,1.7701723463781764,-2.17595275612241
-0.3827380105557199,0.5039590743101657,1.8911095064921264,-1.1515302071569893,3.5047828519848947,-0.3275088727877784,2.7143699713039577,-1.7882887537137544,-0.1227529339587559,-1.9365089926609365
2.7175532606039257,1.7589512934403029,-1.2060175966946947,1.5161169097602418,0.39580649125159567,-1.414717406706829,0.18061067391420949,-0.7283126600986018,0.47907505024823144,0.9829738375677359
-1.9658507211623255,1.148246982763888,0.9810224262593634,0.21777470780074287,1.0487754083769756,1.2868147566096866,1.7989234354200483,1.3150171394674324,-0.6531635472586711,-0.8513269498375731
1.552933784470077,-0.8807735481573895,1.1223102156865672,-0.3777908196169612,3.0122730428786353,-1.3065068391010515,1.276853043735825,1.165244928646925,-0.421762066569064,0.8967686062240744
0.059532565476488664,0.15467533193886418,2.8851766818037494,0.11563271863259773,5.493727087029961,-0.8949671580128947,3.64603924071959,-0.845717234394866,0.03507304772002948,-1.5580962861454979
1.308408424298954,-1.2962323481616953,0.5681813459358914,1.566064397954666,1.525266404132339,-0.6589770340141469,0.3389827688531838,1.3725028402405635,0.24593602977799525,0.8973308854172976
0.13181819669858896,-0.3556643103400779,-1.1003970110497772,-0.330134883684563,-2.298353309086983,1.7180282043420143,-1.013346748568308,1.6853461127142662,1.8838682871878882,0.1719805785708467
-0.9715290253991556,0.41733440947212186,2.6450783086325886,-0.5953863866566766,2.3006719096062804,2.301610717716549,1.4191081291130754,2.6616098281780025,1.4294626225663816,-1.6198207267371856
1.7695033591243226,-0.8973825375197793,-2.2392475457509056,-0.5595680179263216,-2.883953547820284,1.0720134327259605,-1.1094457972231258,-2.3275885755181895,0.1352036994120604,-1.1852912674520517
2.143200518564687,-0.5082450925179293,0.5803143497207273,0.06686546919829545,-2.3890236568634107,3.2069496423841124,-3.132400144222541,-1.9767944062424188,0.1581460289754723,-3.5606314124082736
-0.23933498187009428,0.8668040210788245,-2.2725751780728576,-0.45874145724867815,-4.252055247478545,2.3266885227391763,-1.3172961759335498,-3.0264464800592434,-0.6265588295383115,-2.3733748046503242
4.203063258446722,-0.8827480422494183,0.6107585802962663,-0.09713284706422703,2.925723976547266,-1.7368713352028347,0.44002882949266375,0.3525695315410321,-0.681563369478167,0.9310145250513944
2.6641883255499215,-0.14969925674395268,-1.1022404874768337,-0.03506476287539676,0.05365319772792719,-1.8630962526208417,-1.0389935449912406,2.7387771286928118,-0.34024056507890416,3.4368927193848977
1.6376711427494506,1.129732551088021,1.0861165462934468,-1.2154504621912123,2.048309121031311,-0.05900761003903099,0.7069875064231692,0.4718184368178351,1.046298192935489,-0.3869972541133856
-1.285924047243713,-0.024776331851094034,0.6976127512568384,0.4484588611140671,1.8392209946210256,-0.3611929174070452,2.144066847523807,-0.18227168035942154,0.9613406866752066,-0.3558913258413825
1.955145776045406,0.2285252334908606,-0.41743922561010327,0.8455707471331437,-0.5962001140401896,2.1209554433452316,0.25096219914436313,-1.2839151077318938,-1.0744445573223365,-2.441488570437694
1.352794613407223,1.4299949257776263,2.3704843708259844,0.41727911589240924,5.081879015141903,-1.6881969986132614,2.581970762520362,-0.06389842573113325,-0.5791439571544925,-0.19855123637566496
-1.283518417639204,0.19097366532652774,1.0916344994240565,-0.6824038849824142,1.4969633741908743,0.26222766316182955,1.4496845833546792,0.19310361136179288,-0.09593880603860637,-0.6944895772076092
0.5017097165413265,-0.4093628834696493,2.943690314678474,-0.9491655671944774,1.7486067268011158,1.0903119615074999,-1.0685470795845946,0.5348946064868512,1.4588616457238626,-1.655253643684972
2.5438962738027957,-0.8186029129210597,1.5169516972223653,0.4018104540674039,3.5339364668870568,-0.9799288611864022,1.3681621069602639,-0.08819969449080478,-0.4940543624542381,-0.3196794306281659
-0.5673935093817285,0.17555992066726214,2.9866009967365956,0.017942194869929914,2.8889113524687535,0.8355004348972195,0.8808074325915566,0.7031037381736363,0.8531331827307148,-1.615716393250976
3.331506457714992,1.1994010754388176,2.0355904169252472,0.2613498811915239,-0.17031498551972352,3.7964876494609388,-2.113191343723994,-0.9856274048780891,1.0231839472488373,-4.348361625359238
-1.0841336945385116,-1.167750048574389,-0.0631257297839598,0.6765433935596714,0.4197989243035676,0.04955218273495099,1.2336941717794827,0.07426716669595135,-1.9919845593165593,-0.09247518599769472
0.9660697970241907,-0.014996555321377687,-0.11146986321822294,-1.1046959994536112,0.8052846502169408,1.1706332019517056,1.6209562775752078,0.3024591517529911,0.22241125823472668,-1.0728997917074403
1.6588967864408692,1.1774831422303782,-0.46154305389178685,2.1828805563041294,-0.3577167686750711,2.1367997199458317,0.9197921668850068,-2.4912941721161808,1.7876719477352438,-3.195928275507679
0.22047620965753967,0.4642459330149463,3.6896772055901668,0.8351779068424444,3.2801974062805965,0.8380921240266835,0.13734757111285723,0.5970117287743466,1.4990534898988532,-1.9056252375343499
1.3511590390320758,-1.1156347025780216,-4.860354522911267,1.849241989132254,-7.48420595405736,3.5516254941127308,-2.70888154876421,-0.556161289236706,-1.0070051004980094,-0.8068617787900877
0.8338737891494845,0.6875914476203748,0.8019247101662152,1.1762134291328945,-0.3000850013848603,1.6809470663437542,-0.7640393881025342,-1.260634746152036,0.3808223983649758,-2.3205800422750023
1.775381953610383,-0.1069982350328987,-2.0310282385530134,-0.6759348973780771,-1.8519522273863165,-1.1184393359034492,-1.6816119197879722,2.487594675739011,0.49084524795790085,3.261041372257016
-0.29243264613999465,0.02551460885749852,-0.4229312108266955,-1.3862180310285146,-1.0977272954516764,1.9565256127709016,0.425056257822923,-1.0986904090229463,0.2299715586741107,-2.0549084995422136
1.159911544357502,1.619009661721803,0.7557155023000028,0.17666519563187708,1.600345704593615,0.8452376455990693,1.406273376241031,-0.8272615670133602,0.7175280101350757,-1.7780108671998445
-0.37011799778195775,-0.43687258010649493,0.782022398707596,0.792218608810802,1.6724315867524429,-0.17563628798555309,1.5660500261550148,-1.1924994696176756,-1.6951100780931048,-1.0778438548554203
-0.09642925357061793,-1.4832322700150922,0.27550029584702995,-0.598883785049238,0.9625911504776771,0.5091610665273112,1.602064437302884,-2.105752256920766,0.0367075356588471,-1.9540856505523287
2.7439645098117476,0.3717972649682113,1.2372686369655277,-0.652861764467122,3.1045846912243293,-1.0757567623603728,1.0617897324098842,-1.1734230468670073,-0.22611884727836487,-0.6956222355933167
1.5862979032567344,0.27470916013246044,0.918958063763253,-1.0907260480104277,-0.031903886324211865,2.594469940681778,-0.24295649075999193,-1.8488396911391067,-1.3548233400837406,-3.5762803889269095
2.2478822133739804,1.4232605732896775,2.6716416998925836,0.5290164497596503,4.437855410054932,-0.40038203303544906,1.5272672051479779,0.8864339978615217,0.8186469667489543,-0.7228928127119205
0.6583864552398722,-0.26038283671599743,2.66218208955882,-0.2974856305444597,3.628105756844763,0.6291570875545549,1.8453448835377633,-0.5377657878912172,1.3927480422663012,-2.2647899520906396
0.7249362432561902,-1.1116527915716954,0.8873498834347948,-0.9324898876066235,2.1518966682677294,-0.7375388025137117,1.0490747854546345,1.3374417141692483,-0.8947275570335086,0.7366716780898279
-0.20982018419679238,0.9448218443416566,-0.11390648140386728,0.5503197594907777,-0.029604369742407877,1.5522043586919314,1.3932490084160372,-2.259755837242067,-1.7301632679226187,-2.6722842076821958
1.2386376270119026,0.7987381896849275,0.8868440041981352,0.3231385131215778,-0.9795515216244013,1.5316013435670666,-2.3716858116566324,0.9906906864821375,0.0022701087449672488,-0.746807455245658
0.9775309543054692,1.3342447117319154,1.7817099009501924,0.12575895858874117,2.745274013168415,-0.22554711751558454,0.9747447153653443,0.49141873424543336,-1.8296553258922579,-0.5221666947593657
2.6019751772688675,-0.5012388581800321,-1.1321843835056726,0.7305263406140399,0.40055305612517716,-0.9076118948922938,0.5904560561141678,-2.2031192217740188,-0.6049160654858559,-0.3344021381341421
1.5485184627832882,0.3994635297096393,-0.3977406352292725,1.0673960601028043,-0.46214317783795594,-0.6122207478367256,-1.4169554582683026,2.057639077397269,0.24444253786769918,1.9144004777832802
-1.8867254089104715,-1.3384321987270944,2.4215067956428924,-1.1390190676041247,2.8152785796124817,2.868435619363008,3.579551485391757,-0.793922220704584,0.271383574402493,-4.1932324153595015
0.18968476920945287,-0.4066640355032338,0.2518164041706443,-0.982825696073632,0.7911444031394408,1.4850696306933937,1.7577000030836214,-0.8848916210385722,1.4996528479110383,-2.0972195683584203
0.7934465100180498,0.05890074778955399,2.12221548541216,0.1359219379379893,4.533262366663504,-0.2626610961272424,3.4373470298004447,-1.9489771512775047,-0.14236897767961212,-2.387584460947678
0.9107984573447494,-0.3493363652497192,-1.6442350286088205,-1.8653533899336014,-1.8529084512848224,2.7711488882560245,0.8906849647517616,-0.3409598141856046,1.071139808030253,-1.955951690173401
-2.4489729824117124,1.5416748014269532,1.8039735600719045,0.8809109934917358,2.6836696126180835,1.159343935542454,3.2106251772468615,1.5196449176174742,-0.2245877330486634,-1.1727248337567198
1.5072354226705384,1.3685973704716687,1.681455888138145,-1.3697622659170485,3.0929277910193496,0.9968370930985088,2.25485105124242,-0.571643931738618,1.1634280518533535,-2.3093496637239723
1.3652929522829944,0.3510553640383649,-0.3933198378859657,-0.15111706281898352,0.9797865302305224,1.2906012378821434,2.1497132154575596,0.4548441886542871,0.282196597754887,-1.0879965418524453
0.5787950820719956,-0.7076728219194769,-2.4283911096569195,-0.6685157773484198,-2.6625139151839785,1.2036562964474873,0.23130827365852424,-3.6733392331818724,0.3619495706429343,-2.0910273373980335
-0.5599265970334251,-2.733320431931381,-0.26181534654163985,-0.07331194577023394,-1.0008947245863649,1.0059434358152008,0.12072754920882833,-3.9509794375086003,0.5884233076209778,-2.873139796212876
-2.115229921587616,0.8589045520426967,0.2286142050760207,0.3554852501444138,-1.7593053461445398,2.916752907472822,0.11634052058858768,-2.5855252514105076,-1.2717488711977065,-3.725891998523918
0.4488064847527041,0.2599572178952133,1.5866713945790858,1.8096286561075206,3.381086477816123,-0.42241349895752345,2.5377618907326314,-2.094982543484403,-0.4119894716134372,-1.9416356056534725
-0.7833426731813997,-0.07048485717633514,1.7225258905766432,-2.7590841985611076,2.1486824712713717,1.0130090366236844,2.06734782353744,-2.934586920192434,-1.0854501545780055,-3.440785142284257
-0.06293501325328599,-0.6354010621447013,0.7920091107653426,0.6008187039360476,2.781915650998846,-2.4250662260673677,1.3603298904769003,1.909234876025859,0.3616022219362453,2.459358318290124
-2.0089550404972174,-0.8407783496770599,-2.8259835666414266,2.1700667784050993,-5.510815635287739,4.91611445964681,-0.13147347991134128,-1.2067223262065594,1.1194449246352312,-3.26871736042141
1.7110527212301139,-0.08766352279754966,1.463740627205357,-0.044577972125181595,4.464159641708243,-1.7835346376425143,2.811771687298908,-1.3696014294676466,1.4186870908143725,-0.5405905460910491
-1.3120561163928097,-0.20700518213496016,-0.9513298203467517,-0.12289641133881546,-0.24980870309868733,0.5343901294366566,1.8034134334800318,0.9452670191549901,0.2516684773665314,0.2927772102433644
-0.9999918173909073,-1.70350950170288,0.781364907043021,0.09796289782343887,0.8959857919163597,-0.12195356957885184,0.6743574487140256,-0.4919439690973926,-0.021205922271600775,-0.5319559281911583
0.6104078448955602,1.5786343809622438,1.8455729324611623,1.1261382624065872,3.1264002633510297,-0.012935382853992428,1.801264804356797,-0.022273505978076313,0.633872345243353,-1.1139761517402642
1.0227367612333982,-0.38625465422566874,-0.111103808522792,-0.5680804624880174,0.4925208929829895,-0.7083905156566064,-0.18514918443432138,1.7196128188587405,0.4556054572868936,1.521021805695625
0.06946587848057384,0.4685664115376896,1.6705972278805978,-0.6539659390112136,3.153310476849718,0.3158177229911687,2.5597785610860053,-0.2439572882249047,-0.6353498741821251,-1.5127234716777043
-1.6274540330548546,1.2969686413753003,1.3331203130351297,-1.7366797980676063,0.8596460453696176,2.357319784157503,1.4436599741723695,2.534318355190039,2.0645086422832106,-1.1453220744255457
1.7985170514089182,0.40828432922453817,0.6867593025555769,-0.7761295744336884,0.6648113474396586,0.15087476733396232,-0.8779323045077203,2.066112300878328,-0.656956623359687,0.7485326586273455
1.7973042792604343,0.26940711235501286,-0.6768567275354845,-0.884426804688176,-0.07402715768340125,0.9521305568849867,0.6666019845640425,-0.6941258485515318,-0.19009282473042566,-1.124822672941485
2.0866251798322777,-0.279327899171692,1.7956896759568006,0.7107910101684883,2.6196947097709504,0.8652029188787571,0.8653732064367283,1.4392965775562425,-1.057655982317861,-0.9459506768618573
0.684569530688732,1.0840163780027858,-0.1185202889185133,-0.10797119181968343,-0.83075849027594,2.3006520070375127,0.087357004573545,-0.1801871593172758,-0.11852300228885926,-1.9670505860279965
0.3805094838513736,-0.4369994807675183,-0.6367219261776913,0.6115783689661057,-0.5428689681765254,1.8186880949795938,1.2144885727241193,-1.8313915326252164,-0.9032590694972901,-2.4488485173722245
1.4109156290458518,0.7716545768497923,-0.4199596334860707,0.08962868736425764,1.3769776583241047,-2.497521193574074,0.21134797024826135,2.1141930575927494,0.5283947323999395,3.207336518137174
-1.211179644173228,1.3284209316246804,-2.315774976025036,-0.326741237354735,-2.5239680475712833,-2.1961052616830177,-1.7882105932708017,4.649742567594696,-1.4838447198609395,5.7014762093602585
1.0522451722111688,2.2802987128676224,0.012889627465728304,-0.09864418803352908,0.4910058637379845,0.8915754826559684,0.9184664552023158,-1.4161790088908743,-0.4068120677282853,-1.7458668688497714
0.47005387919901265,0.15789935767747157,-4.034966754273386,0.3348967870948223,-6.4203427753678834,3.356646775496861,-1.953572232330277,-0.9731726067721354,-0.3021992437090522,-1.2796586156011802
2.652909581827786,2.0398899661664243,4.069365042349343,0.025746466231223175,6.174483336346792,0.6557289150170091,2.8268132183559977,-1.0674877174690773,0.5551829479956188,-3.4845149546366176
3.8613237542081564,0.48427348429637146,-1.0439235562370386,-1.3871950154156907,-1.1423900898216146,1.5219006558703878,-1.2585313548761592,2.220681088020828,2.110483730080202,0.34892491194876907
-0.22492571920541315,-0.6155929023166724,0.9058019721337804,-0.36143051899272766,0.41800984686610343,1.5779511528902743,0.3116938436316923,1.7552328223721703,0.42099932933630047,-0.6987129770012693
-0.9511737365688806,-0.5520394949023855,-1.0127891171608394,0.08588409121090725,-0.7899900741012745,-0.6735835988809518,0.003896048762210169,2.655961268518031,0.04898403429552032,2.5116203181577728
2.655216050909654,0.4338101560310721,0.4872953660644316,-0.13642225219544712,-1.0960773714377863,2.985513699706484,-1.4765503933637625,-1.767338394281802,-1.084940104146733,-3.5452046143790423
0.5821293551623479,-0.26564293247643467,-1.95888074703176,0.20146858256596953,-3.132912145618772,2.1626527417402666,-0.7266390167152217,-1.2680972170069864,-1.9528721485739882,-1.5569593169410958
-0.18377397843639587,-1.052418159639099,1.0639090819671373,-0.8642041604519103,2.6013754278821906,-1.6028380856525382,1.335112700650123,1.4149104707129063,0.3041402642261363,1.4257590038213186
-1.6532902151916689,0.7308410854536962,1.7113449261887768,0.5353582633763697,1.958407655137726,0.8156431478071927,1.7476818885693695,0.7433707942651955,1.2302672891586046,-1.1091199041006945
-2.039926449636836,-0.7468127845558624,0.415438101374493,0.3432208772958311,0.26858196744472695,1.7432013908375055,1.6981118206908299,1.8557839221362102,0.06350359755214915,-0.6604321648911757
0.6005998219520747,0.10301802701023119,-4.295243022431231,0.42171851935859683,-5.691404152822887,2.9415278264915443,-0.9391018303028231,0.22380145144273755,1.9036950572631057,-0.3528211780457489
2.211886075955361,-0.2630015322027437,0.707017008709847,0.8624256547801596,2.9283146046179453,-1.130370230783934,1.6682672134085617,-0.3183313490766455,-0.9236537941858084,-0.01608065865229401
3.1387128700466955,0.47472763512836125,2.8012854319334584,0.47049582042325205,3.5901520236880486,1.7366515208948674,1.0449861967044523,0.733404011845826,0.23009601013994363,-2.5672198597546663
1.0363921944827466,0.7850060884448393,1.8451395313143055,1.4827117007070525,4.435565510166182,-2.435333847547451,1.8700713160986666,1.6464741440075876,0.6035461880880171,1.7138710145059741
0.006284052789116146,1.2243523953014699,0.8990078037720384,-0.06685686631167126,0.2016013891086993,0.962636987098712,-0.4030236062967769,0.7109728055927942,0.1785158479091472,-0.6818456229824177
-0.61238329537256,-1.183941810314344,2.433888887699037,0.022152754019795756,2.6416830890961176,-0.017851497321489607,0.8527090285239067,-0.3396470283381694,0.09380009880572343,-1.2741599496108258
4.270557050743653,-0.02791160074182279,-2.4668968622190985,1.9712253298849496,-1.7024940764711476,-0.2231570684403097,-1.334450009158493,1.3567001217778074,0.05819886959514413,1.8372853357806884
3.300111309508905,-0.1272495155731609,1.699600845902144,-1.9082775326107064,3.046463061725103,-0.0025479668435092195,0.6425137229245195,0.13180459756660734,-2.415524770272803,-0.9961160145747916
3.1360913968738084,-0.5764270938106997,2.040422381679983,-0.38462661301037915,3.7332056603915817,-0.4853293756935716,0.9727895133129234,-0.007243007834625503,-0.6151783237559455,-0.8689089143089489
-1.4751819223867213,-1.9325854816023118,0.39345207526083614,1.3348154861750048,1.2353621086281004,1.357541331930058,3.1665079143769046,-3.8230269785539286,-1.8603372639753248,-3.791217249442191
0.5266999415996465,-1.2079448669676065,-0.10524882403991476,0.2080425169842367,-0.8885692286958771,1.5315504238290014,-0.38632106738362837,-0.6831636497743208,0.030362069603620798,-1.5432855373784105
1.7834070866622493,-0.014777590880194544,-0.4273244549036792,-1.813800881738754,1.4326310088929877,-1.7600910550763753,0.7240710616912143,0.7164868990907731,-0.7200040822778171,1.7255904248914777
2.1574004051658493,-1.1654579930727464,0.07184454628148906,0.6846142674569209,1.1220523591259797,-0.6521204306148936,0.07542920212480764,0.9974639693849195,1.0845006853369412,0.8649254475193269
0.03556720889216258,-0.2836778968265699,2.4576682813053417,-0.44123082331064895,1.6217822070560337,1.5133727962790875,-0.17038254801571773,1.30511418912183,-1.622531391750871,-1.4786274244440762
1.059143905154294,0.3886977862100521,1.792697249364798,-1.9242832098747393,0.25582085546931654,2.4381755822408904,-0.9121657167295758,-1.5188746004213411,0.3005505145654474,-3.474619284918409
1.7464939381497517,-0.1880913178242275,1.369300567827286,-0.1483352210314459,3.0745072941360636,-0.6385688559438694,1.4385412880388113,0.29176818838411034,0.5457470771817394,-0.26979319254605805
-0.011040137268870653,0.5496277028028446,-0.7901283537543559,0.01205533728276944,-0.49903862288434686,1.2163015847067125,1.1898131542638126,-0.6959288043874716,-0.24237660747619474,-1.2350062334558878
-0.3609809714568719,1.2034191444726974,0.32488476544301825,1.5142423846936908,1.7383825528128933,-0.4315483993513851,2.1183154845860797,-1.0472088113580622,-1.570016517784692,-0.6956937012980747
0.9981843211663539,0.37187354732912226,-0.33823705528096204,0.18822935920862294,0.6648977494697226,-0.4819342676866214,0.9358554426317529,-2.7298458816983966,0.9422533166218332,-1.227643892678331
-1.6280457289501946,-1.8644168880590468,1.6435469102697025,0.3668838398848492,2.103996656934416,0.4836436919252858,1.864215030981725,0.42884298734405923,1.1087167695270328,-1.0110480743208743
-1.2499296576797665,-0.33660336930633855,-0.3856857802417497,0.43552763002963324,-0.23400439147537305,2.571568616574271,2.6200246627659878,-2.611964031856467,-0.8230358510745787,-3.6966661944277104
0.08078509446334692,-1.083872043459581,1.3933602237734912,0.8317987785898988,1.916104344335803,1.1354111562505524,1.7314140980505863,-1.5055180476873762,-0.7325982844870856,-2.6204440232400725
-2.232913533627068,-2.40524324327216,1.806374145699654,-1.7395886194601275,2.379609344927414,1.3714005640175282,2.778305232881178,1.6572328503886387,1.2313460385015185,-1.2123140649600763
4.072490597695477,-0.8682178776610292,1.295213967401618,-1.5619251325636208,2.373650627409033,0.36340407947997155,0.07491822814639215,0.18992328118104518,1.1705780215240016,-1.0569209005126252
-0.5967481794516503,0.959212113274876,4.3612148605515815,1.8464627087769183,6.1459152806686,-1.3190126843583159,2.4259309012885373,1.1462712300655247,-0.9665678812825679,-0.46343200340667373
2.7274614451290384,-0.011061822003785738,-0.15464345937867163,-0.7817054769050553,1.0285989853752793,-0.5937303608315854,0.031435492401134746,0.9312655086529846,-1.0632769277917662,0.836920295231788
1.5774656568965364,-1.1514684440040595,-2.1697084963921194,-0.24790210089133663,-4.277074649980724,2.1011362245187715,-2.6347293860326095,-1.218554902795469,-0.5734278927787424,-1.1530800042506715
0.39293648027569894,0.6649012348047576,0.14800853188697982,2.8869082186113615,0.7414057071117607,-0.7414997736396346,0.11591250414497312,1.471783005780877,0.8752387872654424,1.3023379454403523
4.2731199261918675,-1.4321082525729711,0.025582181932570558,1.3332988479670338,1.9425904090542143,-1.519615485686069,-0.14952373470122282,0.8585148479107214,0.45353857373324574,1.372817770414911
1.3082570735601349,-0.8654819594677255,-0.1062523127063566,0.6033565762453972,0.6308623772317563,0.03379697787865732,0.47773285136915244,0.30736057218881574,0.4752625499146259,0.004129336701453186
2.9439034264621142,1.777929381583025,-2.010318749068528,-0.32798384182477963,-1.340663368695714,2.6872939794457444,0.8979427387810635,2.743243213636095,2.2320761968862612,-0.184083963638704
-0.7095168182323026,0.6373120470139663,1.2301425635450145,1.3753161873482898,2.158161247522765,0.04173131255443829,2.153623122368451,-3.36739488288399,-0.05364826393283262,-2.7186983160565013
0.9360281544503274,-0.10286912116920469,0.14330667243063844,-0.12901281016889843,1.9847257130113989,-0.9898648057250787,1.9432436002566087,-2.804047421574772,0.7496611387871864,-1.2235338119844703
0.04099902192297078,0.02272212634069251,1.0775416645331595,-0.5132909937905186,0.23352517086528143,1.8523909701562449,-0.16571650810263527,1.9457067012297729,-0.16165143939096369,-0.8253508345250214
-0.909347609445907,-1.225913552910498,2.2916342994084418,0.011599241309188478,2.1149291051865666,0.6362261599736252,0.759158000205468,0.31582223405378707,1.3069887157523508,-1.3365911260857004
1.508687984303047,-1.53674030602225,0.3851559596188343,-0.32285387330753706,2.804726345325088,-0.12109309418450587,2.9108838552801415,-0.5298821385179585,-0.1936515487177135,-0.9628019575431007
1.052389289696913,-2.9895038986757902,3.305303145833599,-0.32932525503805454,5.3358469867815534,-1.0126002995095231,2.198009825197974,0.2909936025397416,0.08376818463660932,-0.841717536772897
-0.6733070911843531,0.42205921262874757,1.6873892992307833,0.9491697348738566,2.9282132003375536,1.052883424973857,3.2080432590231416,-2.4760995307675895,-0.954357814391453,-3.4025267890041255
0.39832777221413895,-1.535341410826441,3.0222473834851344,-0.2536974589983269,3.015671236946654,-0.6096765317185966,-0.17155717168875895,-1.1697914024428484,-0.6934326955706789,-1.413077068105807
1.3009117822906746,-2.125849558948902,0.8863064105180395,0.487877639589525,1.4565056993650698,0.8395000174874664,0.923989123049936,-0.6103127251109869,1.004058385769631,-1.6372762652531316
0.005616541794597696,-0.8607866308841949,2.529088994903611,0.2070843263057389,1.9019121575049522,1.4342943973014508,0.1046072366514943,1.3720042279106115,-0.0005507160512315335,-1.451013225541208
-1.1749731359970297,-0.8731944798412126,0.2205956412422615,0.36248894859778646,-0.07751554704279276,1.0431662822692387,0.6956977460998788,0.9345001115951476,-0.011275378244765271,-0.4316611374666059
1.9702672409984454,1.3562392304539108,-1.674712985706923,0.3600679069167095,-0.18092418272025745,-0.7542970967261069,0.9221011445500209,-2.841726061939866,-2.494558979619094,-0.5938693786395848
-0.2338961332310059,1.3757307926644302,0.30831800755028616,-0.8978682987897685,2.2125256992219637,-1.0668189619506059,2.3734089608261852,-0.9128501232442884,1.433920136488589,-0.15684052165440157
1.9722007723726556,0.07581009781041712,2.159213035532338,-2.5484875448362865,4.375817587479145,-0.7060984026421715,2.164729798534723,-0.08674526986672237,-0.28109905108406746,-0.8917898765352795
1.697335846337283,1.5359932452031098,-2.516145413803521,0.3528071349965166,-3.180370984278781,2.0733528600047384,-0.6915826271045422,-0.1674256653211127,-0.8630464892114299,-0.7370332102485962
-1.1442346196617434,-1.996105795037297,2.2689160999882345,0.8616218151680979,1.674307743424212,2.048516751574665,0.9789035699077085,2.099047019436168,-1.84112576032389,-1.4869384796120977
1.365549656345219,2.3164624018586997,-0.06368606134858568,-0.2479661660073478,-0.133799832231023,1.4423190424001453,0.18527762304001816,-0.115659774280372,-0.31331945271420514,-1.3351779628344376
-0.22444251570940088,1.3499157904638233,-0.20032611047384985,-0.09170570633519123,-1.038512447397184,1.6601390426721305,-0.2619542007120801,1.6881364776993881,-0.9183745016692665,-0.24916921668728848
-0.91908339352113,-0.9920962423613382,2.3348108189547903,-0.27932376452602875,1.9898297477478253,0.9095466239329647,0.6625210890397797,0.6349100403598291,-0.7757580675012957,-1.3794029096322304
-2.085193855040493,0.18943867460942296,0.735054051577376,-0.10748451697479765,0.7185931800315583,1.9481792677139809,2.043825209166899,2.19890421012855,0.5063844894961679,-0.8203225890830569
-2.2301517772489565,0.4244225370175093,2.297736613309295,-0.18570876515897108,2.707572114221938,-0.3207219408895069,1.5610237510300469,1.115849988878382,0.11868447745321636,-0.15500284557517524
1.6439603787392973,-1.3214740045990832,2.333243495755461,-0.41149498312535915,4.629346280584762,0.8273975973377281,3.5532149342173134,-1.5703627734090677,-2.6427307084159857,-3.2260448886878375
0.4841083665503385,-0.8877273333927652,2.301421547311133,0.14502123251773724,1.162552745835111,1.2300461488072119,-0.980350713866531,0.8436037202209522,0.9063343704002738,-1.3436418536544827
0.4482004375081635,0.09514379892131201,0.1932916040301783,0.9455067758917894,0.6656894929978793,1.0263366558048035,1.3291706971008082,-1.8489001271935124,0.17313475078171944,-2.1900111686900905
0.8202020259459316,-1.188301857787629,0.6405429753665568,-0.5157422525613398,1.821759840486649,-0.566303407576056,1.020307696613314,0.7171451282309204,0.8609303909042524,0.35334576103548576
1.8017808507568498,1.8456891578095538,1.3944710662772877,0.3606547712369708,2.66718092311441,-0.5567140712187746,0.7874799767541197,0.7130131570672844,-1.7112094355833998,-0.007157447008834447
-0.04832354218228607,-0.35018296676161526,3.230271493104368,-0.8453260945610126,2.9108884279300855,0.6824057939838037,0.2660146144939832,0.4179003413977771,-2.3709876331078217,-1.690638554523954
1.213459435989162,-1.9166341248498924,-2.9266838547860847,0.8931764822589986,-1.8518641906698605,-0.2827912145796221,0.9186423451781623,-3.950166904285404,-0.23991321188435738,-1.0110983722609685
2.2652665153237743,-1.5101133013775805,2.854725825321059,0.20514344572616525,5.402837346987687,-1.200902969860695,2.2785217030852296,-0.0783259615490135,1.6615905071141495,-0.819546588054556
0.7369974815327025,1.4709398671751126,-0.03866017175536329,-0.33639447511250403,1.738777485066426,-0.7696800122833098,2.0405244178647353,-2.5775456608636347,1.1214990232657795,-1.1995511267938368
-1.6357560327064191,0.5477508927614988,0.9974578786202458,1.2831717331302972,0.8091734670333749,1.2752883369330872,1.2732064159336067,1.1814114401848335,-0.8899687600558169,-0.8615508173958452
4.031068149510315,-1.2936718259923132,0.705090958941346,-0.5227384584305803,2.125611217952504,-0.49436561247376265,-0.05677767364685993,0.8315369622855702,-0.9680997582308014,0.2577311540871217
0.0865092430857699,1.5249610621122427,3.5485505301080926,0.12378619992568661,3.6527750370028973,-0.24409567402237053,0.3724436428440454,-0.6317961943724177,1.5300118243769887,-1.6908563059388744
0.43792961293359367,0.5067848751127374,1.262938727625349,-1.3308503284947744,0.7029725149392743,0.19746957439700918,-0.7573965272848191,-0.27097035385479784,-0.0752828686794312,-0.7393063082949285
2.8991779215368334,-1.6248140936793984,0.5637465203501344,1.251667969980691,2.7337183316387748,-0.8506878177431423,1.3470743205442255,0.7156014565820196,-0.11789403022230788,0.3929362057407048
-0.43373034512492903,1.1911237830845298,-0.33876854874643203,0.027352326468708655,-0.3074363369450325,0.8812143002766444,0.6708431943722806,1.1075047215699525,-0.31542234985711587,-0.02895044788692355
0.2972785205392756,0.8417781262849855,2.053138385477432,-1.4965868371680284,0.9384252659121177,1.4009578575813693,-0.7927789223151436,1.038880516409351,0.8527133115269606,-1.286129400210946
1.843311252068963,0.7530208916379497,-0.6198494537442811,-0.25353653502329526,-0.08027034399025215,1.2510463674051902,0.7062115930757337,-0.2427360771957563,-0.1790242781164486,-1.147479958830491
2.5727315923575156,0.9007802108067267,-2.4285410150768767,-0.17673376621460976,-1.8928371649665392,-0.9433824036119747,-0.9097193309475806,-3.5541743386685036,-1.0651969572084141,-0.2687083108140328
-0.43259083269146625,0.7085965332143009,2.615631858559178,0.2729505542248338,2.7620009568105974,0.056600945393106894,0.7329324075965791,-0.21277919406044332,2.6685695304739947,-1.3326955030782328
2.2756825691829645,1.0772661461207065,1.3893052118711844,-0.5113034339000797,1.7970170419629554,1.721272119920779,0.7850300098306962,0.04500812217665717,1.7924992009432381,-2.242515745564333
-1.9494376612573419,0.7155579801570221,-1.55447645608964,-0.3719114726344054,-1.4126918386328031,1.2086685611363224,1.5883449124021474,1.4218965629327596,2.006005775910497,0.35238833172792783
-1.63248816616409,-0.501649242717717,0.6011256649640467,0.029559103594042128,0.8265749024507196,1.2110676105923555,1.7863547588456834,1.402413269367927,-0.3156569991838593,-0.609283897073389
0.4709584938386354,0.2631265987271872,3.349932105860243,1.42359101684745,5.8346409679418425,-1.1070163754195055,3.1391882262511053,-0.32453564986977534,-0.6522340735030585,-1.2379179318128075
-0.5934138629265173,-0.7131972512546401,0.5924503993942294,1.0246178430619193,-0.26275449209703367,1.866064306657829,0.07671413968130925,1.8592142266949765,0.49411306875336264,-0.6741733023183247
1.0369480963437399,-0.02875788715238021,0.24985136587764722,-0.10414090780453199,2.485580412905978,-0.2584683095950471,2.6390040346791084,0.7621884226465572,0.9455415940586782,0.005063715270755324
0.37972771578809006,-0.31086753614404344,-0.2002789727603249,0.8147892735085306,-1.4042314193444188,1.7999234526147223,-1.0026002398599778,1.781176947893858,-0.8577921201432506,-0.23383500423201536
1.8553451073496612,-0.40197767111739274,-0.8080521112082357,-0.33521158020091113,2.146467845486387,-2.6782961318039034,2.0622066346816466,-3.3787161615816426,-4.222942226201008,0.11241825966774324
0.7142696794147081,-0.9199566768042697,-0.14827757875693792,0.6275968631791525,-0.10985822084157959,-0.5810897851086172,-0.8908188612597139,2.6693131550097986,0.5454652997510949,2.1049216795034007
5.7479818869632116,0.4856795508349731,1.190727370327045,0.7490236973479582,2.8227021265685615,0.7286221909989823,0.5256726451965148,-1.8023496304113618,0.9471863014759745,-2.6235639384136524
1.218662868853404,0.6366624581640591,-1.2859821478831517,0.4683490189631846,-0.6169743494045816,-1.511759095596378,-0.8708087262705366,2.4705997005102045,-0.5929228427621989,3.168188218144971
-1.9456663300900296,0.481116336339361,1.3476520983734992,-0.32940992209065223,2.0040033859683835,0.6949140391011697,2.3701916973346107,0.821667603698725,-0.12746610414522916,-0.8991798142176013
1.6401044848927584,0.5591303973361067,1.206634780691556,0.17613294535469673,3.6606747229111245,-0.576078581821919,2.6940220960180943,-0.5055619815666363,-0.07428988095782947,-0.8976514330717635
1.9100452803934922,1.0014225656595606,2.08904973861271,0.5449173445914832,0.6776599545909155,2.864292251783092,-0.8685542118125347,-0.9409338549451348,0.2905983825901763,-3.692418929130373
-0.9930276588090918,-0.5106714409119738,1.428845288317428,-1.3934699151697256,1.329708545378173,0.7314283906196153,0.8659217325560721,0.548346314038739,1.8712877894003002,-0.9383572530714415
-1.9601008183555844,0.7989255634064849,1.8497750950792282,0.984810895239522,1.7007845481484956,1.6317363543345853,1.7536065991576322,1.6070805679681837,0.08855789575989136,-1.3175742067677645
0.952425703470355,-0.6467958343183235,2.271240403920335,0.825011945881205,3.5699093742296863,-0.2190664266501149,1.510627440591129,0.7909776144155577,-0.19438339674812308,-0.650527925462681
0.5534311370513043,-1.1466922480982404,-1.7032250204682142,0.5446269333508674,-2.114822139267927,1.2082513074338745,-0.1423049960398739,-1.4561217828636726,-0.06478526438450848,-1.0964019155901013
0.8930134016007067,-1.493367238839051,1.7868985524277186,1.3339843150502777,2.2838834159766948,0.9024929994186768,1.1734902289417024,-1.0698084078651011,1.0139372397079907,-2.324909794476533
-0.3461795758686923,1.037530795911079,0.9392606958500439,0.21827660421761538,2.6361405475713657,-0.5118606576568829,2.651331782428789,-2.2623935674749736,0.4655908977775943,-1.651353998521271
1.8666173176983905,0.5279982006609993,-2.3453382309852273,-0.9765400193989119,-0.9839264276486638,-1.5881629527688208,-0.20316929321705213,1.4470441923564676,-0.7470872604317421,2.9348314780085114
-0.13377852806142432,0.19985687670316052,1.6593747552652909,0.5970613125321688,3.4288101136766342,-0.182282726262337,2.86950038655333,-1.4439831800591931,1.4318988656968294,-1.8114670594672753
0.28236702603647124,1.4080017046515605,0.24787123337473738,0.814887170454078,-0.6175372632720868,1.3696384304829459,-0.36940382746796585,-1.7371868644188053,0.1987720966964066,-2.129039538625761
-1.1611766535039418,0.8955463176724642,-0.802510042104884,-0.016623392781145795,-1.1983353218201362,1.373523894860102,1.1046048549021656,-4.169643451714254,-1.2223044186719123,-3.1831331954973896
0.900141240014005,-0.1642711970102407,1.7657590381220203,-0.1946542442556041,3.9921525579899253,-1.2097486760820124,2.3291857107949427,-0.2636027723528245,0.8048362266740966,-0.3657075593728533
0.49819718528965007,0.6454085809017834,-0.5329341788757426,1.4356809079049893,-1.8953529633752446,4.061835957992528,0.10888067171805338,1.7421398469643639,-0.7136714807958887,-2.128972715969762
0.04947519268804168,0.7956128020988495,-0.6740809874001905,-1.0831921733788303,-0.04971312381822609,0.6476691247275692,1.4199832614527175,-1.9440218943486818,0.18095673764979925,-1.5640966821863242
1.2203403233942454,1.4755617743204061,2.2082828389547986,1.0726914995595829,3.4170706577737175,0.20621076923452586,1.6884743855472435,-1.1389582467620938,0.7468314511921468,-2.09056735814007
-4.559893163225866,-0.5495871199694691,1.1376194316764034,-0.7530976914872594,3.3106066170755226,-0.0030940753290573664,5.405663594449806,0.3203762674048274,0.5997252907498924,-0.830673264826164
1.4622925130781863,0.13725222077391994,1.7632821089466155,-0.3437028847082196,0.5197415663968217,0.7927790687065572,-1.8701425644788823,0.33216068813552735,1.6643698268503806,-0.983757477908026
-1.3461685348944528,-1.2493245113383715,1.0539230985941295,-2.3315217986040127,1.2321905845466254,1.0233537018838164,1.538942264119813,1.0925524399084545,1.1999553815642052,-0.7994548355898141
2.9808565087848073,1.44510532429209,-1.7373527476291848,0.20739625234824974,-1.3390256366414826,-0.3521531976158163,-1.0365608006174245,-1.5448215711012767,1.2128377539610256,0.07776104710735984
1.288006989926026,-0.7155543525668095,1.5184294813910921,0.7837016682088335,1.9298455418025842,1.2061680739530065,1.043501959253996,-1.2190691561453806,0.30350077815579435,-2.5504220750159394
0.5326861398009384,0.9936919762251385,0.3418313684191989,-0.10326222611870517,0.9750827768653848,-0.08895347399167064,0.7243193146815758,-0.5643025447612173,0.35720654242626115,-0.5470644315488906
-0.8318673912831209,-0.28484271229025054,0.6269739108187375,-0.22172929278016312,0.3758024434418987,0.8306166014877986,0.5353208926389317,0.6960635116402625,1.854973360527132,-0.5620279054065243
0.8436875936998407,-0.8632320854232987,-3.585856097207107,0.18310821647887962,-5.889873943298472,4.810650014437249,-1.1759276167987247,0.5633190791624771,-1.556851990330274,-1.9372148595465835
-0.36275342623358253,-0.2860475274966902,-1.395024492518568,-0.20979922532846054,-2.2077827779072727,1.54289474002036,-0.3477425228115172,1.6113991038501183,0.3571800494910043,0.3212037254695627
-1.6734717937159682,0.050472730740405744,0.14833938667717528,-1.1859870763739253,0.09080997070397646,0.0619163568952813,1.0152380202493312,-3.12851445658898,-0.19228217760622715,-1.8883177700139575
-0.32535588096865686,-0.05669034318402211,1.3906041950777646,-0.6687850273918332,1.263660990420567,0.609354701183269,0.43830198757009364,0.5331405587206062,0.6971655733193193,-0.8145559795451827
0.8050932105953066,-0.45798284362162656,1.3029708190123959,-0.6074886599646331,4.526112018765302,-1.2114034441741612,3.937405524649879,-1.7390061147297615,-1.3045684333926109,-1.255135554521934
1.5357497870336816,0.11603976663677101,-1.5438116856005712,-1.7226495526397916,0.5355158649344842,0.4761456852575028,2.3466228879927598,2.0671682755716523,1.1755023609184008,0.8917426396686386
1.2475673981822495,0.6978151173790669,-1.2169702178596018,1.0524354551250712,-1.4042985482818864,1.4128951365950972,0.06145707655292687,-1.581140963922087,0.8965541679054226,-1.6202759734600163
1.7347650443952707,1.8127362472549606,-2.3073654346708308,0.5327814010611984,-1.9425090326253605,1.6668169756921771,0.4404063943208635,1.4444974118472134,0.5386745001416948,0.2077083447372869
3.256233136265964,0.20910282250704723,2.285310401682859,3.205516756338172,4.896500458353374,-0.3097749741599741,2.495560540286289,-0.883420152942614,0.014309968825124232,-1.8624275197550415
-0.12324187398944897,-0.2708110600183114,2.2126580596525978,-1.4602601409435063,3.8908518816225457,-0.19487519529818065,2.7460912700079403,-1.1010606434621608,-2.4220870395581686,-1.81940723085628
1.2279048996370345,0.26056048235812324,0.04453132902390933,-1.2132900345959992,-0.9243011769299592,2.662013961295374,-0.37354505152870376,0.6652586262918705,0.9502959960210191,-1.8202661934140831
2.3111163837451962,2.021982229795948,1.2581110982096733,-0.8987781412489614,1.3787582245488919,2.1236738218280715,0.532370685915545,0.6227866308723442,-0.2611654048545837,-2.1504980298707643
3.004235538238247,1.1384931870852395,-0.5555409870922953,-0.5682422076017715,1.4357553054283425,-2.2288637033818306,0.37874946710125046,-2.9898995587513983,-0.7245303773357507,0.05371598829444329
0.6353491373273663,-0.1857109836024205,0.3316384518973401,-0.06937469686163762,3.015859563340692,-2.08655834297084,2.683107220969644,-3.0822485908149457,-1.0065528033352378,-0.6755046126759513
0.9666266970485483,0.13398602208920327,1.4184073770776393,-0.6127883870855583,2.6149004203725865,-0.21589376700081042,1.2749946989385006,0.7219831828218293,-0.01724201023275769,-0.30083395491245185
2.6218277375097925,0.23105530166305407,2.6489428971608104,1.0674788788103344,2.7060701019767532,2.0026633776628984,0.32727153878660464,0.969814178663644,-0.9994577211384978,-2.425358916478736
-0.36593343190214067,1.7200979745096183,2.767073399197603,0.032146286693284135,2.108210142272873,1.5833089918492163,0.336756281356666,1.479094119885421,-2.3258603653136207,-1.6186941987326986
2.4345399983045146,-1.6897397666304643,-3.376030405155719,0.5453134066612696,-3.393141499204977,-0.9608195919963363,-2.3176300569207506,2.5643695487467966,-0.39590669119345007,3.786924270104156
2.734721496964517,-0.7533136888935476,1.7309456280662063,1.0235261205414132,3.6870526198222144,-0.7722762991675667,1.2862750211618639,0.5488287250489985,-0.6224119476249649,-0.22185539739970764
-1.667800746423397,0.5836213909585576,-1.5125050299162766,-0.982945713528466,-1.6257622639971285,-1.045604963140621,-0.4891976485793019,3.0770902187461586,0.1929155981686507,3.39028148892955
-2.0942257822076598,-0.8856727957103703,0.6089750083464661,-0.2947122533090555,1.0976671080386877,0.9113677541014015,2.2326925016690984,1.041769046087351,-0.19720794561947194,-0.610513543777943
3.181163614707901,-0.7868789262173125,1.2700506210156635,0.41652577359482806,3.037019718013769,-0.5507997594281082,0.9254274427170102,0.19804229686495112,0.12069749805575442,-0.37949945799681584
-0.7675330274906191,0.2505372240684282,-3.411888580882964,-0.4290773957006941,-5.040334721930814,4.758420717279501,0.4872115364747248,1.2914784470007623,-0.8660013938813111,-1.712093722461519
-1.0221725778252715,-2.050779505834767,0.7978256411787334,0.24433491873519433,0.6962897923580711,1.1981396682259597,1.0439921250622055,1.2659437814364574,0.3652912013402833,-0.6804985415760946
1.0470456677653948,-0.22290178596674778,1.9121533464406317,-0.49827878047188856,4.004038669076876,-0.3923976077666187,2.6549090199517424,-0.9515932178441122,0.8683927359740021,-1.5311592055283327
-1.286877832408541,0.7211705121714004,-0.14870852157619519,-1.0318096160642578,-0.20174730120995316,0.8550902820597236,0.9654864350631881,0.8183980443346659,0.48863164641276735,-0.22887764909953753
1.3249942095058116,-0.9343508648373636,0.635627712213271,-0.027119205979342535,0.7601501117613774,0.7651139694305089,0.09591325299692177,0.3199189422745303,0.35607213499397994,-0.8200219703426865
-1.91505409405358,0.3273418946300887,1.4844175809732318,-1.302159716758321,2.1941479562394015,-0.7701944894227774,1.435453923700492,1.7963573365463195,-0.4281296882751056,0.9164318125404841
-0.3223708899429838,-1.3071032411861108,1.956541585520767,2.009874535338548,3.295405432205045,-0.4249150729540119,2.1457129330985443,-0.9156884400599378,0.4844024164915012,-1.3096744925980246
2.6340900828355083,-0.20726355709548883,1.226735181365019,0.7908167514817354,-1.3800049390339482,3.5330193137928685,-2.6353731195422263,-0.9947690839039195,2.604568004596042,-3.665146319613908
0.16449312425136564,-0.11417882234780168,3.5455541487391606,0.8099360081496302,5.804319889440038,1.2632288518076848,4.442130446960977,-0.083537241352723,1.179456537989029,-3.2807753477700263
-1.0743679888959279,0.005184918529982963,0.8639928506016037,-1.2545818363938883,0.6608807714613079,1.2039315906685646,0.9323689043589113,1.2095203791409017,0.5913961434684999,-0.7210855787004828
-2.6467859828777383,0.9813216573661399,1.5872579015351223,0.8212747818045848,2.478239309939387,-0.7281777662150206,2.243493945102175,-0.06886300825942726,-0.057803395569692745,-0.2744135485156642
-0.09538422667037727,0.01764225558400205,1.2371207989071586,-0.09707854543341729,3.3210782944775574,2.244932946817788,4.474027679362193,2.3629543298132623,-0.7173753263454816,-1.7386687488645736
-0.1605214957160519,0.8900462120686681,-0.001851395242823406,0.010536998484212776,1.0423897082584563,-2.0633654435740114,0.06091551340962775,2.9058800974552605,0.10127366235048998,3.2763340403264714
-1.60138780238392,1.087241456334007,1.9233718935502067,-0.004112273476638409,1.7099055291451055,0.965699008487888,1.166082321938885,0.6285011496204143,0.2267642666293303,-1.2880347432763235
-0.3799389158653015,0.8203393717870562,0.26591819069800926,0.5019767429458828,1.0853455182842304,1.309720268933646,2.4429460564618495,-2.201571985400844,1.3970624206906694,-2.764084743613938
0.5259405614436754,-0.042266223329634166,4.2253818804047345,1.2635261991881919,3.743618393945865,0.06618414656484173,-0.4400220967077999,-0.5837852315165739,-0.7229297132901525,-2.092006876933818
3.0192957142251236,0.570302188827146,-4.297077881269217,-0.18208876819603018,-4.079867445713833,0.8148944974403045,-1.0127328394750004,0.3821771606672819,-0.01455590412218011,1.2635784802038865
0.2021297473201813,1.0947729233463872,-0.9414338690835329,0.2301622443395171,-0.4219455674855731,-1.2186199020030768,-0.34502802411669853,1.783292652823028,-0.0907157971399632,2.4009531899892274
0.4498956925629727,-0.8432677581578969,0.9192048662576673,0.3390033006453512,0.9219052176271614,0.6870288216632418,0.456304738242592,-1.4851455572910033,1.015066977384544,-1.869496184696349
-1.1173642329487445,-0.8746086816183235,2.0036033967343823,-0.6865123099938367,2.5412198683585734,0.41649437135708,1.7348970757176425,0.4631365838257383,-0.8995153879227253,-1.1057547995375772
0.6530290264538725,0.9624176060440338,-0.18395523324327256,-0.08299869739275792,1.2460254896091372,-1.6494856519248664,0.6801058623673988,0.9258529669603854,-0.6523707974756942,1.7497673200475925
-0.9044876287194445,1.1797835215359889,-0.4983964434982159,-0.18795431222426834,-0.17905613118569708,2.0804962870390686,2.228550352151796,-0.813679298185033,0.4831720029848681,-2.217446263605939
-1.7912606916513365,1.93965315186106,0.20819331126242013,0.41484398476165046,0.1641541874962353,2.1888084236673815,1.9255728755297707,2.668554956012491,-0.1410029888993069,-0.5380809784107996
0.4730927172896572,0.18311728389893017,2.2155592178194143,0.3813713915544331,4.394826375404042,0.17844039418933666,3.4261869694742857,-0.7977569320223802,-0.800378448124085,-2.1125028335975866
0.8375608104476455,0.8567150730302376,0.336679810799446,-0.38520330981479683,-0.6311652473994653,1.538818374267294,-0.8348028086298502,0.22188889765655695,0.305722925933469,-1.1779458051830822
1.2431999290252074,-0.5220899501958803,-1.9151034104374993,-0.14918553078015157,-2.256441897477422,1.0124720056536498,-0.5819297139280359,-0.5322540488153908,0.5437503542547796,-0.3189994214549015
-1.2051362999957618,0.016415751278474115,2.4278587029248584,0.6074730920639302,2.44849180652049,1.274910363796928,1.514710385893697,1.3413985029239375,0.38169197089247964,-1.437790588780851
4.870435308872294,-0.9222669991617155,-0.009624109955420068,0.9980091389929165,3.9146569179498325,-2.489795960695049,1.9905688854701447,0.2995007432381993,-0.29539678623743576,1.4502135436263155
0.959426226473091,-1.3540440446905548,0.9910112646998885,0.39279837030580245,3.0235471013874857,0.09100929775128241,2.812166699719642,-0.8575437824432266,0.7771146918344431,-1.5056093283143372
-2.564935747231311,-0.7334692987705009,0.7023615981275717,1.4262415079180515,-1.8286247713914487,5.124602701997215,0.8534771137270873,-1.3822556729942381,0.34369666730615567,-5.112059611661463
-0.08794476492559222,-1.2702125351145985,1.059643119001986,0.39287601611234624,1.1254857251682486,0.23622843062007826,0.4568610629454115,-0.7085320686932468,-0.7341771626218793,-1.0909999453735604
0.5259622363035943,-0.20731231768351402,-0.09671747952059184,1.7457039182576783,0.7690447438895759,-0.7375343566376633,0.48488440617410233,0.9383294204474303,0.4205320040954812,1.0312910246579643
1.6326698048578865,1.7917846025916784,-0.3904182124477813,-0.4964483916551544,0.4409588750712683,-0.33478145262288206,0.31673366074432874,-0.9252505716017904,-0.8831572567897347,-0.2671625451623562
-2.1722687995163525,-0.5195858739893852,0.31241247594737487,0.8545331282455162,0.7109472491589687,-0.4646953384546828,1.6155103642802913,-3.2459906295477587,0.6970880025189398,-1.6594397024483947
2.4549141323089616,1.2773883859075559,0.5109473833750517,0.03415104576854722,3.3360080623989137,-0.9810212483470573,2.5819377809235986,-0.9194308643193311,-0.30312522220625815,-0.5613112456878757
1.5233922177659607,-1.3176649632753221,-0.026158896771713014,-1.1796182607041799,0.6723314337319595,0.6675328241696914,0.7394130736049649,0.2079022069878329,0.6145641229007047,-0.6538245032242908
-3.197679077340543,-2.8547265860997055,0.037208195857571735,0.4594167166828926,0.34466602946584485,-1.302690904718871,0.9125489253198767,2.159688773607816,-0.9614967753818933,2.3331501811240627
0.7515101562886608,-0.2974227638082388,1.4485104061982081,1.749565221344618,3.191168282931574,0.38372207317361806,2.6012795944932954,0.34299907456646483,0.8383534352115828,-1.2099850833484527
1.4383083160263443,0.581714592641008,1.356700147415588,1.3779526641094089,1.0798456037250967,2.159239925959619,0.5207705745165583,-1.0163373820081611,-0.11698767239187514,-3.060481904827164
1.522367745459511,0.7931011556112639,1.5514215721824733,1.3548669279050145,0.3508070171677175,2.1345522902134775,-0.8542233271350854,-1.3769802264881166,0.49379690982006913,-3.0986915261076993
1.8247451094800748,1.5159099989364366,0.6958980907796521,-0.15463478443568174,-1.5050449552963518,3.0007113828598144,-1.9707954305123847,-1.8951229925330386,-0.5244592002093954,-3.5662065750708307
0.0029122234133920344,-1.362201744297282,1.3748936868000026,-0.05581813740475,1.0011825941201664,0.8843428278783796,0.0658434296347371,0.8427486476932206,1.1772621998758726,-0.8203862071693924
1.0983572149843002,0.019644767519476948,1.20526592698277,0.6816805933071447,3.341048469798377,0.17911385007778724,2.9508964104993263,-0.541840274535957,-2.409898590347941,-1.5234315867239154
0.998473350314654,0.6388958404933539,-0.322007566329366,-0.8732388879095869,-0.2119251743038859,-0.5691423713854111,-0.8700343311083014,2.0544997740918767,-0.49706333322200696,1.799048496376248
0.8545845745730185,-0.20106733909943617,2.219064128393496,1.4720406804029842,4.322906901793026,1.4448684318247214,3.781668620763156,0.9894838295067641,1.5427780880526913,-2.2259508141224247
-0.08985177911940223,0.8320675402783763,-0.7355048204040511,0.6826044334867398,-0.10343337092143327,1.549490740502593,2.0284965469240683,-1.5914011352011315,-0.03010005248832585,-2.1570995439900407
1.385295072620839,0.46570932934709103,1.5683081202644933,0.32107216445350895,2.6473588502032315,0.8988827764939785,1.6546043723254857,0.4299726703899811,-0.7884207609652889,-1.516767022413617
-1.5148142343803035,1.3172007086376698,-1.8696887838728533,-0.06931220197531435,-1.6651234435045654,0.7085746901878832,1.1878208711870646,0.8170098657813138,0.2604913494877011,0.579996636156254
1.1608855880942588,0.9393350436779689,1.642982892364273,1.2386203582249824,2.145320466699269,1.2755031905949283,1.369157687193161,-2.0720673206042024,-0.0027714763049773612,-3.1764186965360794
-1.5266967203150656,-1.3427730745328132,-0.18985982790577594,-0.5881125291258265,0.26864967697149195,-1.4969927938713827,0.1886401673844036,2.556807871804623,-0.5736925694347773,2.7922308511315648
-1.484756403947644,0.904372253467755,1.997060870118292,-0.4002070154269301,1.9059602425714,0.30259405656371574,0.9575730529970964,-0.21977177954947535,-0.13587909504623286,-1.232510003512822
-2.1720968297237517,-0.1728334623926926,1.187851275662225,0.744013082224872,1.451480682529136,1.326207566287819,2.2182789892781,1.4499593025086006,0.9252602230110857,-0.94703675067286
0.5904551042120307,0.8868189043087903,-0.08641015872390412,-1.1076927441022197,1.2416284722932125,-0.8302849928471329,1.1425894286257399,0.28382263533037166,0.4770045505313698,0.622356860682014
-1.748976428754626,0.6557619743110126,2.5545567263192592,0.13115606158769064,4.661683360810799,-2.50946002575268,2.405566609716857,2.205547410986963,-0.9238099715873547,1.922842836704527
0.3482773429212733,-0.34897019198925583,0.38782287397365967,-1.2250645166226355,-0.19254832812689923,0.8832371078728573,-0.49655389305649433,0.811011775721952,-0.30064989218768023,-0.36274749753532326
1.0696567636053327,-0.7728293187677797,1.2649186401447894,-1.9119588860953278,2.171731476846259,0.6356404511875606,1.3912674955386974,-0.07116389759304942,0.3917115989487371,-1.3898427183395061
-2.222112217112028,-1.1538952048038489,-2.181546851290343,-0.34727497914401756,-3.6360052541223067,4.651180916183254,1.5309857961452336,0.5951499180189792,0.2546799985364092,-2.5807285333257526
1.5227132096246208,-0.3416334315308499,0.9288447177378687,0.5975517635962726,2.726638170907766,-2.1924532214943446,0.4915153234254017,2.0911554997254482,-0.25254502481963237,2.336631120076454
1.3786772856397227,-0.3045932903701046,-0.8752939331731454,1.8425639470029398,0.2510354055779868,1.0308537366724306,1.7120636995564515,-1.2067008581352257,-1.1124594168771573,-1.5326453912269549
-0.18445337305800402,-1.3704866498369295,1.0527087806810331,0.6640648686849099,3.0604536201493295,-0.6981326846854523,2.6886470060693384,0.4786535106228462,0.635074928276335,-0.04283600650767324
1.6565601380622188,-0.6447668538026597,0.7290949618685896,0.2018538385545954,-0.07560623578315233,2.3814197595781756,-0.1890914838189055,-2.105414985397521,-0.01745500598058535,-3.484120451345453
0.7406844547284637,-1.917217911214612,0.22557076317498792,0.30856339583998416,-1.1857167302962213,1.7167993585854568,-1.4656634285948642,1.5492056530434049,-0.46326748251852984,-0.4233904262964797
1.2425764789945477,0.20992390631707458,-0.14871819739739833,1.7781938381751534,0.9783399195240999,-1.1158632583823818,0.30325033595879414,0.8952296549377405,-0.8104918123904628,1.3059857437238813
2.1440801342384797,-0.13415387279869315,-0.6272460661027095,0.6983237874164274,0.0262229299924084,1.6713861158010992,1.0316818338895184,-0.5707134918371757,0.33174557118951853,-1.7425651559232422
-1.54191593649381,0.42898313359035295,2.352302425559297,1.2960357796237725,2.3793355534653506,0.9972171064758769,1.5386735380046068,0.856942491269206,0.8230312364794824,-1.430449058535102
0.8885078081608784,1.6388577175638688,0.3495523386169319,0.3627183460609263,-0.010051658864545232,0.8218499662982998,-0.2544125257569725,-1.4932071776478912,1.1606401046642947,-1.662892881024327
-1.3356834234823385,0.20613447485710912,0.05838424876547177,-2.9460455960823815,0.6519189815836731,0.48993794274018176,1.7483368730220104,0.7041059181520024,0.07367442763763936,-0.2118300701250989
-1.7076210191707084,-0.2912426768952112,-3.0741836401805998,-0.12331184924087561,-3.1841025128087552,1.9058563912139654,1.3025135916047004,2.430521680187481,-0.057383044785022125,1.010342681412871
2.3270187910689453,-1.5864591995784536,-3.029506995760656,-0.10977132055542466,-2.4084256844892042,-1.1544901006644825,-0.8087470985621761,-4.173743075153233,0.38570615041786616,-0.19298579794913345
1.4589902568327657,0.04515466092280844,1.5575709455831888,1.224458056705364,1.36237662352287,1.5683259978195052,0.23623511594261037,-0.5373240600175506,-1.2056414515018206,-2.356731018138651
-0.5261611056748529,-0.6722799666892808,2.0785350066661756,-1.0598263032117377,1.888377877336118,1.0304272278749969,0.7305376676825974,0.9988954966449305,2.488159924015398,-1.2105977987927103
1.6162754594475661,0.8991589872518193,0.9371595886981321,1.3272053465613165,2.8926675702854037,-0.32694037663780695,2.1282954448050537,-0.8803422169163365,0.4941033936092317,-1.0983924044291087
-0.1825434814419542,0.8977577424726149,-1.0721729776316158,-0.023009040041746042,-2.2798106061854484,1.9645274130884114,-0.7460967006059558,1.9272741398259687,0.005409385565658077,0.07732598715415849
4.351060432318697,0.38078116370621967,-4.2927116984163565,0.8658644016796165,-4.21276506106165,0.4684494748463922,-2.007231842113773,-0.06456637041236835,0.31852331294872255,1.3518282868124376
-0.7612661894681878,-0.07386548765915883,1.4639477104571055,-0.06267889929993944,4.411468825207493,-1.0703351362535534,4.257459514147984,-0.6692683272818885,1.376393181333873,-0.7689411351116356
2.9997421495726515,-0.09172258827119853,0.6389279262802201,-0.6026461587738433,2.556808748433984,-1.3703839820573989,0.619340364498469,0.5553980935082211,0.5906170007342901,0.8035451972613705
0.49238126195315024,0.0650173670731668,-2.1933787902191346,-0.6388128789667461,-3.630875779469149,1.7036328127608127,-1.229741651917995,-3.07883359216351,-0.14025482230658584,-2.0077756178382478
-1.168961815253983,-0.06959935478710903,-0.3460242304184147,0.45028379470937646,-0.21351433689735214,1.2394652615069024,1.3428229025789395,1.5785888078288566,-0.5250177872422992,-0.10539270100458369
-0.8345913918704695,-0.4463604759108344,0.09101104400877669,0.5514810837257214,-0.4814259484861746,1.4973848272635797,0.35877939947629034,1.4684328194144298,-1.1765846739175179,-0.4164183233531468
0.16347320451743197,-0.2251912784808146,1.981611523784254,0.8101219408433702,4.5827447341265835,-1.8378834361006424,2.7964967519428425,0.3197677821277104,0.4688137504245637,0.35426871039809077
-0.50242308211297,0.8623072947294064,2.2922345890341296,-0.9568774245747526,2.079642824956458,1.116888592452977,0.7535498485893236,1.098732997143424,0.8443974467722675,-1.3184893223236105
0.6239991249206215,-1.5426182755856717,-0.41530856110373193,-0.5004970659823069,0.46340532883662355,-1.1902439304700552,0.006161968485642211,2.4516794793434364,-1.7454597600289439,2.440474829995704
1.6898519628510584,-0.09341512744891128,1.5452605493007354,-1.279553465025999,3.4323885242998675,0.551783563265104,2.487199223277586,0.49883667705888035,0.8880841832608192,-1.353576895259158
0.7059438016577313,-1.0531482291606984,1.2118991342840748,-0.01467585351698196,1.848965924900254,0.49716440447815324,1.1546759985447566,-1.0839288577864978,-0.9659121635297431,-1.7518141112185424
-0.7717489536525339,-0.3652379885975226,2.00946892058089,-0.7683832942689922,1.7677249118798493,1.4960223231805758,0.998376991217952,1.6282378396756463,-0.3662412100545495,-1.230958465301903
-1.3826955288357314,0.5192352299004726,-1.8913295158733225,1.2959471567632492,-1.1831882166697805,0.5522684237923057,1.7522463255943643,1.063976903886313,2.348480672130185,0.7470199664220497
-1.0739107716599545,0.18830611538715458,0.7034349936445865,-0.6148813624566921,0.21774679581454182,2.0301553995689936,0.9281698111104619,2.2313495411134854,-1.5884787040523523,-0.7488583722916695
0.04973119315671748,0.3295989562742985,0.1588807905399352,-2.3359535883296867,0.1687850000263803,0.5659289458639694,0.607539536961063,-2.717499789128355,0.7198110928435097,-2.137236257345504
0.9241748239269618,-0.49583579545284623,-3.9366476536384822,-0.4054760618502238,-4.694498718380101,2.111127313534856,-0.45183329900139424,-1.7670610163289704,0.18282182110506198,-1.0490520391342786
1.7206718055636308,1.3398496634584707,-2.0572011310537004,-0.6854945741314403,-3.3640848758329365,2.7592690467032077,-1.0541448325442695,-1.549603678694866,-0.6981026708921401,-2.1875099828101194
1.4261210594588167,0.5126946568470987,1.1950087073519446,0.30030801633190335,3.0029240737791536,-0.8890135653929689,1.599351353001403,-0.12472176220508824,-1.6006905327688594,-0.22988398474927008
1.0626171908829671,0.6964282290190442,1.0334298745367927,-0.036443457845747186,1.7770687447021078,1.0489014847468665,1.5152847110807006,-1.4758395327752138,0.9207144266551482,-2.4275690733242663
0.24918845443340742,0.9160738249721165,-1.7018354295157847,0.11977498508783928,-1.8431370257694801,0.9294149179856966,0.2707897120820716,-1.9972099095995473,-0.1649886664063132,-1.2190409934897968
0.6781591143297964,-0.022628202088111032,2.409392439444199,-0.39035753893389263,3.908116498195218,-0.19036279160544822,2.0757630184752527,-0.44576759474178806,0.9322496783982299,-1.491352990004659
1.240839944018099,-1.828164883570943,0.11426442214922128,1.6547027351370451,1.5502366323497043,0.7410096808320807,2.0318354937454632,0.13486672791388887,-0.31381685296782635,-1.0049803583827182
0.25250946719394374,-0.6457378422082345,1.5844105624158868,1.2004131102565638,2.650382158657573,-0.6165700251017574,1.211848384813858,0.2752991930450456,-0.8537867277456365,-0.2290654249421299
-1.2939527425728672,1.3849466277290685,0.9629251249560078,0.2912956372520323,0.7661317224103259,2.7454689302025344,2.166259051280021,-0.3466678990892731,-0.08699774120809137,-3.053931752397205
0.06773826689395246,0.14744128625987857,1.8086569885951076,0.4267093297254392,3.1024306247954523,0.39845646197962037,2.4704158661776967,-1.6429927830394693,0.4227352696881756,-2.3993666632052655
0.5141121476654643,0.27913269950587893,-0.9698892221967159,1.8252020878629678,-1.0036583449697865,-0.08813248282415764,-0.5649605182668578,1.4141810687684813,0.7309208956594322,1.3118479118577648
3.8027543528086465,0.6930039753246126,-1.3952589292379483,-0.6823877822485246,0.5649305127318415,-1.3342571451889866,0.1919049979335793,-0.11289443196548676,1.2002046702530789,1.2509503910196402
0.6978580837247796,-0.2259327782599508,2.2215855840646097,-1.0341932367418325,1.5218033912037232,1.666833272682311,0.011001066314611174,-1.0547943647411269,0.29735751779973174,-2.9000252152823816
1.7860998428368857,0.25453938739081394,0.5878850240682734,-1.387691556920617,1.5077556846271931,0.7873880826530117,1.0343389819276796,0.777958228194048,-0.04088474266827962,-0.7567389161044747
2.2804993329018677,-0.1692674758161479,1.2631180618851006,-0.4977935063922327,2.8382957353224945,-1.321633590163138,0.4781792711913836,1.1817410206973769,1.2274700764912023,0.9356169457005892
0.6240905945827957,-0.8617934026373876,0.3550222533227896,-2.0949599101063074,-0.24327947797418717,1.0856388399487518,-0.34660048706823976,-1.1958246339968968,0.9567831635453796,-1.675081691198516
1.0795060052782952,1.454649148360579,-1.2434640249198783,-1.4558894960147732,-1.9812475156917877,0.7537796667595426,-0.9254743585384699,-3.5305245321334873,-0.3425619435586775,-1.9864900927710913
0.22728265682582283,-1.9053579298524743,3.6596022110461193,1.2872856643632387,5.853812523779565,-0.7612247242393169,3.0388279345679394,0.018498151172750443,0.6113207817686023,-1.416510363246499
-1.8375422157442232,-0.6572675761037017,1.1541605687205343,1.3454586846498913,1.2316778612149626,1.610771059569306,1.9332976694837836,1.8045963739868864,0.8722939421936207,-0.9431880992740319
2.7953556948960188,0.6812850688237216,-1.9842232362378005,0.6445034259975255,-1.1694688910864068,0.3579810551700465,-0.005342658837713454,-0.4518519526723016,1.9683859604806835,0.06017792758621802
1.5389300625673679,-0.8566543582517377,-1.1147425556301322,1.39401344334208,-0.9595228805570887,-0.640469014852573,-1.1931424173363077,2.250415033292189,0.02871566067236396,2.303947627212313
1.4694200516280138,-1.3369146961062162,-0.1867524800358309,0.9164978953783507,1.4984281962077857,-1.830590397338034,0.6065488463038371,0.5090688850317886,-1.1031395496312197,1.6119412391234609
1.904540601806218,0.14928985097629632,-1.781335611604416,0.31157378805899205,-1.3247311764881982,1.7041731068721244,0.6244533004180028,0.8894926892871375,0.6266009089027378,-0.3926194796100272
0.2119878727862221,0.5832263194384023,0.47059714762268834,-1.1150467827689805,-0.9993630725460368,2.04868833177828,-1.099504302135263,1.8190537215311222,-0.129584624607469,-0.6601571190742289
2.0360491872532416,-0.5183091791357458,-3.1659480626318994,0.4287688508836638,-2.020103817638286,1.6242716608018686,1.5494735090487342,-0.8058187010782241,0.19066241989029362,-0.8645164184076086
2.544622000067439,-0.8056038037031753,1.400147613138967,0.16027276595610612,2.5057016738220446,0.4908326295893115,0.9105362498808579,0.16067607836144615,0.5614187237536323,-1.2372166241812563
2.6736200034159907,-0.09777335604917277,0.6862685099939829,0.34201383576919864,0.5513164061848642,2.5602781482450023,0.2872657402006168,-0.3007747476131467,-0.7177017104242082,-2.7663249421978637
2.1785712865288707,-0.5965569967774518,1.5473282823393066,-0.31318276199752293,3.0466404023109903,0.8099450876655745,1.6983807627269973,2.2058820637314773,1.6931243911100173,-0.518972994432441
0.17796744162050937,-0.3174029535477438,3.2285963147757797,-1.6172133096313441,6.17990513980543,-1.455511919543584,3.771131301772601,-0.739161811072145,-0.22310734527894127,-1.2210326692001015
-1.9367658600900044,0.25533329579447844,1.099745999369956,2.5901542682023018,1.7506444209247125,0.6382431660541117,2.3023341329683116,0.7651130052254124,0.3559375050678682,-0.7720864823060694
0.08194623089570552,-2.2279714453027513,0.777968462503724,0.19223608860917674,0.21777403064694426,0.527642968446732,-0.47852557297859977,0.23017799332812172,0.1855775373820232,-0.5435105788841611
2.722839360002281,-2.0884364574638687,3.528261267252986,1.6385173024479311,5.932598754802305,-0.8920451502334008,2.042934128327328,0.762722586715401,0.6236765912414792,-0.8748274227984543
-0.12144626214873733,-1.0827129379017701,-1.7905204560959551,-0.7668195637817504,-2.465428811983953,1.917222146298397,0.3136678388559272,-2.55159026587505,0.6215522980529115,-2.26153583804054
-1.1107012477836644,-0.003728828034443759,-0.550285466256579,-0.39138192161217894,0.3549608188301432,-0.028600548742229615,2.080897696901865,-3.365104739260847,-0.00274478742102855,-1.881324105943415
1.3583510025726915,-0.3598514002307545,2.463850937325774,0.6866017164296684,3.53470491756324,0.000972967259406543,1.1275917399448505,0.9789394292238741,-1.608734820897559,-0.770394739523239
-0.2179843129513237,-0.850542981294099,0.5567829075548356,-1.1912164423222134,1.1814846301088984,-1.1185199212291534,0.17322068373135313,2.2830212074851133,-0.025029581815809717,1.9263130018883285
-1.6746771106097365,0.7494028119974067,-0.37986949435361894,-0.5381544123554259,0.17889597230765197,0.7219808178631217,1.9279280520903799,1.0113366112442181,0.24655264571461513,-0.04920528790724687
0.7952937753412016,0.08345930680529433,2.0390774723263636,-0.3209803388292875,3.9907785602968624,-1.709163774018454,1.4957172235257645,1.8158284536463942,-1.244925933533381,1.2266989080561903
-0.3405796694898676,-0.09839183233990792,-1.3135538766692685,0.4281079592227776,-1.7133754057972597,1.416329498011891,0.18009771611611158,1.651078157604252,0.0484515640466975,0.3212642985585137
-0.08122059452293762,-1.0779968164892575,0.6474424586545107,-0.6965601510098383,0.7988462817057298,3.113508755044656,2.281000512545851,0.18096566638482248,0.5467368477274418,-3.0408910941491367
-0.9982418323481299,1.0555144689755336,-0.5139165001625499,-0.02750823347665465,-1.5389671252175972,4.155256540218032,1.4085596323474043,1.176452863627286,0.06795379934613484,-2.6249375354389044
1.7295626588632378,-2.1528661024409224,1.242148005809695,1.0401323494459962,0.8097513085917027,1.4707936984136667,-0.3549283020668743,-0.29885869644266194,-0.8031006412819413,-1.9381397279905697
-0.17720195257130533,0.07169323652842131,1.3293197723842463,0.4731838900037166,2.401506477940481,-0.9485242350159622,1.0709858690463745,1.5327048134073564,1.2248680062069242,0.899982803186762
1.5566438420355189,0.6292130949205366,1.0229840593696398,-0.7099949510424657,2.546385441788641,-1.4609325784558997,0.5655113437163926,1.810754116992527,0.8489476061239487,1.5394501944354841
2.1876438485048686,-0.23189212432914083,0.5094975742835715,0.8553924674783496,3.6697425040895917,-0.7497424879850878,3.22377895069116,0.4865805432150292,0.3614715947120626,-0.05019452775333921
-0.3394840887152064,-1.5253294988500707,0.14208772048370233,2.0484393275204846,-0.03224660590174281,0.9471449925632538,0.738179186115572,-2.561210117804026,0.017083244934511924,-2.3403130188200976
-0.30548363591447925,-0.20540502369127583,1.7153314714049972,0.1900336249169209,1.2370900161371823,1.3597947388442704,0.3464853337909146,1.2995529747525816,0.7424932769094897,-1.1110054696532539
3.2503305446309434,-0.1703894008530838,-1.3018392090039521,-0.11415740318023851,-0.33049151374455815,-1.8788927861592213,-1.5006185347587926,1.4828322033602184,0.31184672156439,2.863939726600365
1.4051858153886725,-0.7139942071408266,1.2681325636752918,0.15268579793642023,1.8541638945749774,1.4318271825811884,1.289832270798512,-0.3535200834031287,-0.04902551309236894,-2.1970745623239285
-1.3578172768667498,-0.22601463611824474,-0.9334529628661944,0.0792409967589102,0.5719055493982326,0.5719372750512002,3.3605842592773087,-2.612753536124898,0.7085265314912673,-1.9807336677774243
-1.4477151912938602,-1.1810327391823552,-0.30876303967545793,-0.2781325276237812,0.053977455487290264,0.44261447434779355,1.4120741536310109,0.45784975220549196,-0.3162500014313359,-0.0940660213065876
1.6800030904783418,0.023053955586196016,0.24161897594057313,0.2826682204367754,2.6155366095137906,0.12798051564157198,2.88849529783011,-0.3149890859166212,1.4530889195407826,-0.9937410495602209
2.4514868616639314,-0.6577962571062503,0.0018946355499824818,0.8465494561262511,1.0754966220103601,-0.2840849477398215,0.19607457414067186,1.05281041874043,0.08633729036109829,0.5856821058384684
-1.0024582018865913,2.1698318892721704,0.338098872490589,-0.13851191577660368,0.658285227823755,0.5113729144525194,1.2387976700196561,0.6144116141828462,0.06229299903008823,-0.33582014645761554
-0.9243976360391772,-0.1569650089895942,-0.3463152276363808,-0.4807122030882326,1.0168725891418136,-2.1048288322530713,0.8852391154806054,2.225849547662473,1.4091779443816859,2.99651274575852
2.258558112439928,-1.2949403684953094,0.8429783888801454,1.1508035104923853,0.6761887520400476,1.3729794665536958,-0.4153784771428466,0.9407940935339227,1.0970465459832568,-1.0369062649940206
3.685656462753132,-1.2800975754812047,-2.389342244440379,-1.5779851453836027,-0.8349607615690607,0.21297323165197268,0.49422335366641157,0.20117792296961912,-0.29948004427354186,0.5531577623490083
0.14219786967178627,-1.738779883102704,0.40592560883792195,-0.6076515606334901,2.6653065980007873,0.4503056141667101,3.7574694386893377,-1.5808683043334684,0.727042665070094,-2.047785353966423
1.922971488404361,1.5130386115142636,2.3265204713163783,-0.009536769942074273,5.407374992339008,-1.7474359013790883,2.8608299552848573,-0.4427513819676119,0.6739219674885837,-0.43543790658045894
1.563289083463605,-1.5018817619221514,1.0106276896067743,2.0719493001781726,-0.37937450175049253,2.5296662337457323,-0.8967576267515371,-2.072012088508515,0.43443797324366246,-3.5752295040080013
2.484624746994105,1.6481487475601326,0.5946220089045409,0.4106842882338035,0.5527340005696172,1.8036203394336732,0.08148273177897547,-0.9429983157290437,0.4500161007358131,-2.4289562134553973
1.8127955337999582,-0.21750925761844908,-3.2715588856007316,1.2233942826076913,-4.4941658370964,2.7455818285157765,-1.259161262337754,0.22225620227289822,-0.9505025184491086,-0.6620769169262808
2.2861911223601723,0.7051086466495072,0.7125174166343468,-0.47591111574922085,-0.27614043054846615,2.3346564948924806,-0.7690485066042281,-2.259531458845222,1.528959128111422,-3.47853501502691
0.041758799540967284,-0.3753992901502205,4.366610060949963,-1.3357533018340635,6.491787100511518,-0.2573962919209647,3.449354196233316,-0.4117408881222171,0.016303922021090624,-2.406313960246163
-0.3815614601842048,-0.3351528740662589,0.955920831634544,0.332153600540401,0.9219656998375938,0.5136411250036954,0.503834011263928,0.4690865175483675,-0.48062506326507104,-0.6002392621820601
0.7737611051613282,1.1290311172957666,-0.5842503505738139,1.2161142327955452,-2.548380739896117,1.973603286738987,-1.9462698703394365,-1.538220892642948,0.8896204239455967,-1.9348886746099336
1.3843272157620763,-1.022275968031702,-0.8874603008015232,0.4504629913822454,0.4401095349483735,-1.8591402045847945,-0.11891788620552046,2.1394315534898674,-1.77572279934279,2.95937201681198
-0.5598467239865117,0.8430827355596232,3.7606160324416433,0.6365244102890923,5.24784167633598,-0.252097414729471,2.5907071569434015,1.0475628481521155,0.09989098520893956,-1.157115920410955
-0.6590769561190539,0.4151133402445813,2.167919852936615,-1.0590874671270711,3.8948427786712574,-1.0337234088643763,2.409534693991475,0.24563218010366772,-0.8454357814570294,-0.27957141724386836
-2.0007723010920415,0.42870958728816966,0.5291822166770234,0.8051540085354985,0.5507312961851238,0.9086663824740423,1.5139201299971714,0.7286676544356874,-0.012144651371848784,-0.6368857759371891
3.0466827133369865,1.220215424402241,2.6051250030177178,-0.9989356661435662,4.591440940102392,1.0338782163711084,2.406518301378185,0.681299632971744,1.909274220057247,-2.1711857783164783
0.5018707880493785,0.38605487282528983,0.8610512316033797,1.376742250741582,1.2460134186636282,0.9206650662191023,1.2029602833552926,-2.1668810243699497,0.38447041637497664,-2.5411683800724054
0.7463405699200034,0.939248554637455,1.546412535826227,0.21754359046249686,0.19873235230002773,1.322647899590108,-1.4350149364360867,0.9219578335408795,-0.8667463300375484,-1.0072688817817788
-0.6786783626101873,0.4831048508627343,1.4912054856176093,-1.5764531180765895,1.9265158539821234,-0.3259276507416158,0.7902201497177659,1.2520002883594805,1.1795925559859368,0.26384170140486696
2.221941992125816,0.17785059934890232,-1.527647478977411,0.7349659354342454,-0.8106538024078702,-1.7124749045874292,-1.3837979672898202,2.1598312597120533,0.2709651860638897,3.2623733762784815
-1.0651525956982395,-0.8769350234920296,-0.13524473687242766,0.7260642422615012,0.31019786467195315,-0.7792126187279887,0.45204973327520115,2.161758993486696,-0.0029705615597031706,1.8930484415780007
-0.4573800554500633,-0.8932063496840412,0.1869671659509674,-0.5348303919537326,-1.1997606127165685,1.6355269286529857,-0.5485337340049612,-2.788978246362042,0.3362666125872505,-2.8138309338337746
0.97057063278437,0.065241668856965,1.9390543150002828,-0.14702292930941604,3.059777036574418,0.44421071305659765,1.5684821319970315,1.418851085722375,1.3395791830602972,-0.7075212825700113
-0.720280317379363,-0.527695249731681,-0.1919039399816942,-0.4243209486802834,-0.6911448225538899,1.291951433656759,0.2729801181024085,1.285335405581014,0.11622423145417846,-0.23120677291758193
-0.9152275166154806,-1.7380385502430125,1.7220430902091843,0.6631991804783867,1.6973628083110361,0.2564877859436797,0.7280552922630239,-0.10802525118228123,-1.3537706739036708,-1.0265418927273302
0.17936518989748695,-0.19644721881192445,-1.2031338170285637,-0.16476655455195197,-0.2467779862942469,-0.0716584086809331,1.3585744865910483,-2.0922057968856644,-0.08527040929449155,-0.8505407693857934
-0.4327330175251165,1.3063538898819862,2.3120019167133545,0.6067375262674197,4.830990857058404,-2.404662526246706,2.485386782300875,1.8641722222902408,0.16496934711093822,1.6312329615410852
-1.1466537434196997,-1.140478084577216,2.4213363453159253,-2.5789118959467707,2.9406851248237933,0.7912618310405449,1.953998127928176,0.9825815645670768,-1.0334959703722622,-1.3245037439223646
0.4889616609533928,-1.0704301765069462,1.1574542943490103,-0.037195725495317696,-0.1745871059738031,1.9003100972777434,-0.7491693667305708,-1.528327015819502,-0.76244856241154,-2.767615574316993
-0.8311732725730009,0.5198406364224295,2.7702853507381304,1.789005376607196,2.9687134049437924,0.2272953685743585,1.0984545220249295,-0.006497528425218002,0.5137710817279876,-1.4483041606323124
-1.2166635466718074,0.23915485650598114,-0.7554517807631465,-0.16160362738373288,-1.3927201034185457,3.244545701310529,1.68791388806693,-1.1106568036492968,-0.3531514552039487,-3.09579435290795
2.757572112680543,0.9012026163840349,0.9771997057040237,-0.008148124355576445,0.8498553665765124,2.5894396671462387,0.3140548976041204,-0.3731097134579682,-0.26649669429776124,-2.9613243671389347
0.24512505233336457,-0.5168616992438799,0.7887893586962711,-2.7107996897931863,0.16811637256222497,1.0094169389254033,-0.3982550674525056,0.9145955273275032,-0.3157900050267787,-0.5803254446109736
0.2789363911623933,-1.2415061634370084,0.41320142882830213,-0.17032822817774085,0.38936462359139834,1.3994799477645121,0.9743840766540893,-2.372601411375174,0.009392436938152697,-2.7990592961406535
2.0561567941702243,-0.9739079101170693,1.5189816982831963,-0.4554397095903299,1.7680781859525578,2.1532452422673583,1.0832646460476372,-1.6052751938904528,-0.9926533729006846,-3.5933791195807183
2.2901843058878537,0.5323150968678797,1.5521499493959667,-1.8876764166201436,1.642474026624605,2.131170764640104,0.5899105637712538,-0.03805879434470505,-1.1764626352398224,-2.653612016869318
1.4100149766060919,-0.7545998231511709,0.43920327339842613,-0.8910386081573561,0.10201696893932007,2.0369832041663978,0.15690668919119577,0.3097935211563201,-0.02505330618004524,-1.7824309119520476
2.6583869587026814,-0.5420076045015969,-0.7562093537322883,0.38309273767608304,0.07640894557613456,-1.4270343896433677,-1.1210146012068098,1.78297460597779,0.02384202724812232,2.4262871344357597
1.7483931659385603,0.16828740931025582,2.0840463971189527,1.3266566363055368,4.157463487462611,-0.9608704810249605,1.7447497741846942,1.502122444885373,0.4622443153729889,0.31565623572428886
-2.3897075201748095,-0.33706022622053744,0.5206641089959025,0.5958381640311493,0.7844609635073989,1.9799503098304245,2.579698371221256,2.4118118715755745,-0.17151681417869646,-0.7041661727578618
3.223853991119192,0.7968974760090868,1.445253425080069,-1.1923969631802325,3.8567797185135535,-1.9824728633272173,0.8686382449999509,1.3951489154769738,-1.7650319641487067,1.3694795983676262
1.5159980801430248,-0.9253077391517014,1.9768905542027326,0.2987109017933875,2.139470401130081,1.752770229689602,0.8865708332451694,-0.38299065166619706,-0.24856077105998925,-2.7053754750747436
3.0589991282000164,-0.7146439429162105,-0.10436362542059086,-0.24082329960565568,1.273454063881813,-0.8009867791549451,-0.019893595978355272,1.6290857838114485,1.9906194130187862,1.3530078417665512
0.8685386729894377,-0.9131286213619959,-1.1986884601464445,-0.3005774273575784,-1.0904443974947393,2.6488458032756865,1.033428568663853,3.198318782221386,1.826062439238409,-0.0933511110050578
1.3096263245162323,0.16205222755726056,0.459158066907143,-0.9428225588734195,1.9276759961845633,0.5971404497693471,2.105379282514387,-1.138601127928683,0.6828441619734367,-1.7582119287594877
0.9314148343979411,-0.21252736247578258,0.36913022221230807,-1.5991533331409111,1.1923899451535214,0.24451519102778696,1.021932630756703,-0.39223049102902674,1.1667768025044032,-0.8116751044542179
1.932557017802742,1.2158893194398968,0.5910680680716617,0.12232094930465386,-0.7623353832515881,2.492970674679346,-1.1664090674595395,-1.0690029940576458,-0.3326787823490268,-2.798657908186186
-1.1797449616270903,0.29124788047580286,0.8215654184548555,0.9957374477571445,0.8899734229498352,0.7643878728224347,1.1511465347412133,0.6543107673151225,-1.4312224263910827,-0.6877816733792441
1.9215891501906366,-1.6231977739850834,-0.8306410907984663,0.5759355835010571,-0.08785395025135966,0.04574012205742439,0.21600825993261696,-0.5530928143938671,0.445406206675437,-0.18978703868968547
0.8106622214067671,-0.5495607258280492,0.4825549555261951,-0.2822849055777123,1.8491655381436245,0.1271957686576083,1.9095456895332836,-1.3797057376031918,2.397480956703485,-1.4524478816669657
0.8943762602840679,0.2875417229516111,0.006477792124249149,-0.24159688117147052,1.424731638946137,0.041790820239640425,1.8291824215817853,-1.189660283293778,0.4151126131949098,-1.0746661864377902
-2.6958697742826647,-1.8461055047579213,-2.1423338806268855,-0.9502210440399027,-3.449721463406772,3.8132053052898955,1.6134198464253777,-1.3465481297661765,0.4665881877238285,-2.98064877978005
-2.152293971898216,-0.8212613626823181,-0.02584334340921468,-0.8410352482676445,0.713620375808688,0.627404945233528,2.408617770114666,0.8169577194866349,-1.680185844202566,-0.2701165428609919
-0.897734085705332,1.7976523434824032,1.166590053501404,-0.3250654952193325,0.8127739174680424,1.0889861810303343,0.612345583311545,0.901617615375943,-1.4584460165734383,-0.885685251680931
-0.8747118844780262,-1.3459798799670706,1.5678967344105383,0.3488243639015873,1.2748071976206903,1.0802872980531404,0.7237444949058558,0.9348574819231089,1.5299660096736347,-1.0464651230819961
1.1769127274713815,1.0957701078248157,1.9917615104558313,-0.841000259038504,3.1321197541116126,0.5153929605716248,1.6418192949174415,0.422583324405329,0.4811318882323332,-1.369324002544534
0.5394775956284854,0.14895849651718618,1.4733988430635552,2.0100950711625387,1.8136332628359872,1.0126216895969382,1.1423796889087103,-1.08277986865945,-0.07026062938973847,-2.2577450663423124
0.862961125186119,-1.0859229554802574,-0.8295495118411458,1.178835265497889,0.44570073214203326,-0.3096599305810128,1.2980762889988289,-0.8867729565281334,-0.3801111244218993,-0.18736294305812923
1.6453303538921356,-0.8836889390758258,1.4524380528381622,-0.45740190672028636,2.254338206542834,1.3540885550920303,1.5084722854388848,-0.7913076889158723,0.3727571177461607,-2.509965080426245
0.8800926651323946,-0.42498413911877897,4.326656540116685,0.38398140549105025,3.7642943389379977,0.06772368398300799,-0.7157366919030714,-0.5334835881931734,-0.06309064736473956,-2.0891406371787937
-1.8566845805715455,0.6950412888580828,0.8477768834214969,1.331787141740848,1.2837836704039614,-0.4010236728350707,1.5348031511306368,-2.2857199558463903,0.3043756135871323,-1.4090886776752298
2.7172886682095543,1.1703931818866113,0.345711680793672,-0.699186194427742,1.1375428032944546,-0.9540432023278755,-0.8740270714483576,2.6270628798465063,0.30366324423188257,2.0149410307539735
-0.03835846723576353,-1.0526645011387008,-2.303099978381626,1.5191102415655795,-2.9113376196703076,0.8118232015712286,-0.2819232491032566,-3.611886558607217,-1.318553438980305,-1.6593368040997085
-1.4687160707860154,-0.17001057255563642,-1.1183740793126646,1.0718394420042356,-1.2422289484482962,2.652824667302162,2.13428093350707,-0.8705890765138761,0.13951191698553647,-2.391853092851232
1.2612409342558926,0.1649718337726413,0.7167183028520661,0.05476567328452069,2.568888093997266,0.40609199684147335,2.5786865906466874,-0.8709600681767158,-0.4112093085191536,-1.6376123968997096
1.380447740850627,-0.981146263980064,-0.8060522415734506,-0.2455089708497284,-0.22559038163677156,1.27094554771651,0.9799376274729156,-0.3159806238387429,-0.6652273135777174,-1.1362696831358103
2.5850163527767833,1.5545506059125682,0.07507374539297407,-0.12318363845980358,1.0146306039177238,0.25427250942503465,0.443068530711754,-0.7405967915983847,0.5557795828339706,-0.9263171657443681
2.3949253497421026,0.6097640480166896,1.4519478208779948,-0.013086853758383477,4.035950114354942,-2.286959097929225,1.367925176183029,0.7834444258209611,0.9968532805636583,1.253188118634089
2.513528023754856,-0.2872329078671849,1.798979644334961,0.9760966180223,3.9409727400464116,0.7392176735044997,2.5674692063098035,1.220245940084363,-1.310787889662488,-1.286305829857223
-0.2221815043860642,-0.3539379659298283,0.9589206307124474,-0.4690735109513259,2.895022488640372,0.3654842929494072,3.5619645841027787,-2.8818965036549162,2.4345342504602785,-2.8704090108461773
-0.3150906264180935,-0.5463242833044388,1.6789861780678246,-0.619568666464884,3.223218410643673,-0.39847068480845105,2.377048268569572,-0.24841081455388747,-0.018849728161016467,-0.8842218999504964
1.158256753172303,-0.5675614216757462,1.8041906797150444,-0.4593635604714892,2.4051082188448536,0.432399802598297,0.8001858927958081,0.16943346024388184,-0.4196994186880708,-1.2239317141658987
-0.11541764647144337,1.4522598988440574,3.2101256414623607,-0.8144253473355955,2.814242289750243,0.14619548855579745,-0.08098863732798689,-0.44941757526296056,-0.8502178571178634,-1.671083522588771
1.8216074693231183,-0.24254849433164502,1.8573103156113782,0.09424126822780914,2.3536447534085276,1.8181931014335624,1.2907311859713648,-0.5994515087231173,0.3767863389937748,-2.9206881149580237
2.2123561360448685,0.004220568456320876,-1.0325361706668081,1.6007363414767912,-0.624627841512455,-1.3744071175129335,-1.6305174216608287,2.7834133847481484,-0.39820883264529383,3.175314741044729
-0.2875421943413031,-0.14254608433405924,0.8642192066818524,1.0998340415727004,0.570854440454525,0.5867619342178706,0.12413490929368676,0.33659312632222727,1.171876340038143,-0.6387774468369414
-1.2831126751514572,-0.3929391902832397,2.566475218903941,0.592607805665484,3.139946675398386,0.26851752451281874,1.8508461427748375,0.19555189886802693,-0.4238396798010815,-1.3746243245293106
-1.4192310831106143,-0.453394113561999,0.6734292126753869,0.5410943564788602,0.7281757461536571,0.8062239403810519,1.245885015640571,0.7281089551979063,-0.38285804114748345,-0.6159259478507021
1.318114943357831,0.503737060410122,4.719482239776783,1.7540644704018595,3.956406258514826,0.4281053218314115,-0.9846908183121446,-0.11721974256239198,0.08342929800826228,-2.2989909576579355
-1.168502798377372,1.6696004401530582,1.4084761394661647,-1.3944781276466902,1.4795891973080186,0.9121750221379268,1.2795750633593537,0.9101204959009688,0.19333685601215864,-0.928958902304556
1.2085010486321175,1.7311563673837695,1.7783415152264905,1.0137350987012699,3.2851554479537963,0.44436213983908646,2.044509796776297,1.1072845506064959,-0.5225567678619595,-0.9129888339353374
-3.5202031991147757,1.452204051153197,1.3631218650874435,-0.3538351006731218,2.608593110884664,0.8849251739165725,4.054840941488657,1.2192142891418387,0.7777395485850347,-0.9934639388242509
2.3252722236671843,-0.20457867546380473,-3.280776358732914,0.020452518637944093,-3.817558695690259,-0.02254695777330662,-1.8825387649796768,-3.662385562719486,0.20257194116585614,-0.5338021762669601
-0.7423697629937129,-1.7202500909563594,1.1051781071438442,-1.2670072816273648,0.8908618638030074,0.8867808082311335,0.6256208726250945,0.7726643018616188,-1.137847328688335,-0.7842769730919251
2.7514108924588476,0.25381060608884826,2.9073076445210755,-0.0281931717338715,6.047526238649806,-1.5830175142239915,2.720166227165139,-0.3227461147992059,-0.5330301912729716,-0.7828759739614055
-0.9193581162149508,-1.4663404319913855,1.2825398805462158,-1.5454579457580992,1.0817034901405895,0.6858940156746061,0.6499193303937276,0.40907821380813925,0.6719696999227387,-0.8885876606364435
-2.0081200382949005,2.875644098509588,2.634508663362219,-1.1958907952449618,2.9258253301146766,1.0733436479197236,2.2048134196228197,1.048218155772519,-1.3744386168432903,-1.576056392613867
1.3428641373119614,0.12456975370550437,1.3158335503501812,-0.7893366173304224,1.1157023498408056,1.5663155220808183,0.2527643112258732,-0.4927373668716015,1.0635477450219963,-2.223975370858301
-0.728184197002943,0.9204613751263163,1.016037683813203,-0.3336324088215709,2.312080634559972,-0.6525691238560904,2.1467116030540128,-2.226335249054129,0.9932636070772247,-1.435435974229738
-2.127110915659335,-1.7105844315855983,-0.1839922034444026,-1.035792341638018,-0.15709780913653376,1.6214463432353363,1.8631460135150588,1.8110682694491524,0.5900566774508461,-0.36054699107739596
0.6671122968286365,-0.03753102182683799,1.3900354361093554,0.6839541216052378,2.578314137578936,0.754266547537551,2.180144000684344,-1.1763544984908378,-0.23476651891256953,-2.2514830470507006
-0.22909562945388173,0.024691903004893472,0.7213264740380545,2.0503385764873254,0.2672233148033457,1.137028529683143,0.4391317173880358,-2.4384748120000506,-0.07597049547210663,-2.622591048333674
-2.1154787773137356,0.022646849631940615,0.6902404696276878,0.6532739958870735,-0.5201163415349004,2.2636116911096114,0.9249230615590054,-2.8138401697325586,1.541879787133281,-3.6544176737566514
-0.36575829890410483,-0.01875710555843989,1.1069770648944761,-0.4931104246365521,2.4415359254903355,-0.7313157970582662,1.8970557643815806,-1.1047670617370888,-0.4691300831811524,-0.7728802162960918
2.823162372366589,0.6362174286820079,3.0744023581679896,1.0340747398757744,6.666276598532774,-2.065418241731508,3.0698034390038815,-0.32362212019902703,1.1608538303782394,-0.5292676380499699
-0.7937139052361522,-0.3090018537963945,2.9823197794451044,-0.860441396904308,3.851458550915814,0.12213792553600089,1.9204264696630466,1.2524974215090672,0.9914102373523939,-0.8913894203361535
1.9077473713755135,-0.23749896548925953,0.8225537207474531,-0.20606010943315245,3.742136077602417,-0.6528451593633438,3.1546333578631716,-0.2688693474110836,0.05041762815353712,-0.6438474062387595
4.130608189494728,0.4174267204536965,-0.1709689280968707,-0.4311733797342481,0.362374452687213,0.4185674193440623,-0.9574882564826734,1.1333503025898124,-1.3607382826759578,0.19735059698172203
1.0813939221899938,-0.45924455777530127,2.1405574825469365,-0.43355039416618135,2.8303190613212386,0.8822700116792639,1.3439780337817233,-0.4845571213452896,0.6371804572469878,-2.1726442953349694
1.8662963806829314,1.887766921900989,1.6753535018084307,-1.3617928361824228,0.6267824405919886,1.6453247996483316,-1.2232190449997566,0.19526199714114623,-1.352417702793803,-1.848121034281171
-0.09416378864461594,1.6119342256753273,-0.9374672959979506,0.8458350757605155,-1.748543841711602,1.6812597391668223,-0.3548232850960038,1.8322679154306731,-1.8871810106446683,0.12381838499497799
1.91445144877347,0.19118783631710415,0.06736121896183878,-0.36115495322805125,-0.5365759463474998,1.5623387102160362,-0.7230259484073494,-0.6524651979249303,-2.215212576828155,-1.6761102473502487
2.021328668888831,-0.24205268174591194,2.2522292041817646,0.20211912761727682,4.814343155243193,-1.2473426337533033,2.2913736928966624,0.2613529581891665,-1.0802639292277156,-0.32713733651529997
0.8612486826309339,0.6049008048232484,0.4907447130845246,-1.7931100637332416,1.98351212099795,0.1919954941065598,2.045836129495397,-0.595676950667408,0.6623001050628289,-1.0984559729024632
2.8528853311717364,-1.4005035452315155,2.944102039205607,-1.29437357363466,5.70589337768023,-1.1467395917199579,2.350967851548489,0.12854162255772328,-1.1303490458437346,-0.8436034927838725
-0.6185366818606706,-0.42501544225568905,4.042134028853776,0.12988425057810113,3.850522999579063,0.9115976754802891,0.9239253740176128,0.6441302678186516,1.3199751060987752,-2.14889343946413
-1.2543653671041874,0.13579560900482332,0.5181307011576,-0.34093670675495297,0.29767633787512526,1.016395387231564,1.1277028824455897,-2.0713096841109846,0.9256415741787696,-2.2712162697609726
0.2897134378414814,0.29555153342970597,1.6782399865571846,0.29274431186121647,0.7047535480055748,1.1648351623725628,-0.7498678330496049,0.8522626729094002,-1.0539392101266118,-1.052067575507885
3.0652398798106053,-0.586700916988781,0.9192051406952637,0.9385736858307557,3.0417523361837793,-1.9792779823089663,0.5017632844934998,0.9420201126802524,-0.2639554231514166,1.4060675040768913
1.505059791351496,0.12042876977747807,0.7510743543135814,1.01803126520237,0.4066214009626592,1.1995779551435108,-0.3276841061910325,-0.4598443871006068,0.20092678996080376,-1.593811778279101
-1.9575709518060025,1.4237355471293265,2.3364154545260103,-0.13302857431948292,2.6738628752560647,0.9036318402148907,2.1350511270895147,0.7989353529828551,-0.1199123647967544,-1.4476897330822092
1.998901679259573,-0.34279464780405317,0.3547678267639799,-0.058444488356604644,0.9572736638999932,-0.10083252808015675,-0.13349617222249988,0.9272408968103859,0.9501467279825822,0.313893682679018
-1.5814771004866222,-0.022066081156811156,-1.2167177375406824,1.898817808101375,-1.2751959991468207,1.2804208473253593,1.1996447328141893,1.4383711676083883,-0.8491866293880378,0.20014130307784012
-1.4228738507030858,-0.192312565100098,0.908913479149451,1.0786584474360743,0.9424618158227901,0.5902721353888565,1.1335003190186883,0.3854121971843707,-0.9778507406726599,-0.7114558161442086
1.9993512777954638,-1.6890893416641815,1.2525517142962577,-1.049176187014232,1.9601119667818017,1.4488930839948464,1.133997685687409,0.4648840218641328,-2.2861900240716246,-1.7701449535747822
0.4655418711204905,-1.9829005332810288,1.2333252335556888,0.22022592991158335,2.96849405172335,-1.7824719254248866,1.1701936327876528,2.132180662396782,0.864334668723132,1.875028819269452
-0.16980319560129198,1.5606247340924777,-0.5858818886453233,-0.19824221098097264,0.32734837490873553,1.057984143952712,2.090197639072775,-0.5038668286814965,0.7558906230652962,-1.2232979212499553
-0.5707891808121883,0.05087317348835782,2.086272201501269,-0.61042176703859,1.389995586455716,1.800496739657425,0.41800016130050865,1.7764248308031454,0.38522615522349013,-1.343646439471245
0.3307099609110926,-0.5186330644982767,3.8282463620624902,-0.4644524235409884,2.697969554063745,1.420534846929237,-0.6328717668707105,0.9476267591099938,-2.6935264708675675,-2.1154385993988676
1.477678013012599,0.1324210308581946,-1.1518985286198649,0.7914669365397715,-1.0233879018288459,1.423979919469711,0.3648756974591858,-0.7527567637882784,0.30940728736310874,-1.2641610124911737
1.2815767874144595,-0.46446378259496246,0.8448223644663635,-0.41599515279462235,2.0713186459129815,-0.5142262225856828,1.0078300377048452,-0.16776672727635078,0.5684549590470114,-0.2996974014417163
2.5387103725546885,0.6497395013595326,-1.0933736942001886,-1.6600272802618412,0.7675637282301981,-1.7247221755038842,0.3712468061209332,0.3014120251054444,3.4557547537762,1.740496863129516
0.11602126295670201,-0.2780152454056478,-1.1859480544832797,0.7535610611266428,-1.1080142630682606,3.3437281975769637,2.086597161239619,-0.3067413279215847,0.408788979866626,-2.7226608486368153
3.8728846405128445,0.31600594530335163,1.7997676517680787,0.13550583466411276,2.5940794221848535,2.443036944146482,0.9833023368926508,1.6243762990898873,-1.0469439494140784,-2.2727349116814497
-1.155183876254143,-0.13088617749261355,1.312485418932173,0.4947816661337464,2.6165905117709305,-0.99465126825408,2.0888146527371756,-1.3355917256394325,-0.08242254016548345,-0.7442103404064093
2.1646640193139213,-0.6943939249712197,1.3297497019755293,1.168850253112269,0.20068550080119046,2.1206070164990813,-1.1419739567240552,-0.6115161012564991,0.14136555783950144,-2.5729437353228644
1.9115229224121653,3.265649036313514,-2.19969020010807,0.7807768046051279,-2.2321035061127996,2.1498105514674766,0.14718825030158655,0.7501302431314172,-1.495984845690086,-0.5758406846957184
4.658361685676951,-1.1093431987266469,1.0765536455791311,-0.20813334018348711,3.604684800469018,-1.8438061626511209,0.5167245344964375,0.4642685616698279,0.27781509934295995,0.8375925664421787
0.35374194651838,-0.4832907017708891,-0.4139198294087689,-0.9207730515433387,0.8317830381792892,1.267079366898274,2.456940156308292,-0.09558258481138326,0.693492129722661,-1.3378832457953365
0.9026963809047488,-1.465879556238009,0.44046304713457773,1.6225669722516283,1.4800955279648313,0.6666599205849175,1.5953283866293178,0.006836926351680539,1.1580765897672074,-1.051538910377946
-1.1210105752002795,-0.3131220499358988,0.9705870505121184,0.7824972636906986,1.3569861638516898,-1.247600806553772,0.12776078581743666,3.0239570019680913,1.3573416960240714,2.350414616871775
1.5475272541722533,0.6879864915343119,-2.710802776667058,-1.7230455894065562,-3.7244315275148905,2.54089442061389,-0.9886544844708502,1.2168336879978754,0.4868892116275302,-0.20029327084561757
-1.1441157367852004,0.5796412183265399,1.901779233718286,0.9001914380987944,1.837451981944182,1.2628392838246882,1.3013605941396393,1.3274093613566873,-1.2481723122344521,-1.1877079866693847
-0.8982516917570709,1.2319122607769435,1.7332570318656275,0.15899104025707225,0.8619411119052147,0.9953968690207109,-0.11156374308744144,0.3720490483896942,-0.3852973802854393,-1.218319323170904
0.4455588300027793,-0.8044558803191737,-0.41334998192707983,0.702861560153833,1.4248770960356227,-0.7310756901545747,2.2851833075388868,-2.955853806012029,1.2571459033060035,-1.3039389398273318
-1.3229259954686088,1.2217750159266885,3.323328474188252,-0.2531430098188012,3.243369054997348,0.7606195131167726,1.2670064714175873,0.40445238607878997,-0.6686799498130984,-1.865458732713061
0.48070297139925977,0.01174292898845708,1.3704846119008915,-0.900691610496492,3.070602151417371,-0.7031663645554023,1.93803204755894,0.6677884771476055,-1.9710934453474964,0.007755948974401718
3.3397954475183753,0.45666061674064434,0.7439151544268459,2.3077194230638054,2.5114048341386583,-1.2166414679018598,0.32179524223302813,0.8451484184624739,-0.943574990008671,0.8206750032831382
-1.3280895374286275,-3.3573969721257266,0.3492102418769102,0.28926401814943553,0.43415205338321494,1.1336209009947458,1.3742871983668157,1.2821199242883392,0.7620525230801871,-0.46525380972449915
-0.37585010715732947,1.4176838451950349,1.5153436733864294,-0.45141557700753493,4.249683527185911,-0.2320205651634013,4.320795468078213,-0.9104939981663611,-0.2642596329071852,-1.6385064403440697
3.72070290630368,0.3728892767267308,0.7469159961466936,-0.026743311368974825,0.9592836072294705,1.616744211691017,-0.2963974761301591,0.013132357401000494,-2.577253734785855,-1.8448926026977168
2.682909964031866,0.019585913854611933,0.5141085909498813,-0.5665643460860047,3.239621057813419,-0.37526101323340955,2.7741770170064974,-1.6079478646694847,-0.30661592918236963,-1.4821501540519961
-1.6830543496288164,-0.34650838809272394,-0.20978519775468152,0.20530017110602702,-0.021655927660067024,2.989883987343499,3.0222132150883123,-1.1146767658489132,0.6004407855734187,-3.3049906645617853
0.21232537126235485,-1.059326464019468,0.15863793329929687,2.5715646214756176,1.5836651847295955,0.2282237183311434,2.5179716050434893,-3.802133879429263,-0.23284469859529944,-2.8015590925378016
1.8604340977416118,-0.1517989255375044,2.937731116134524,-0.9829159482202295,1.6246140467333419,2.6526287203327463,-0.722398123820498,-1.2362190469402563,0.43837306213985183,-4.057930905775818
-0.6954618767251832,-1.7347128203101698,0.8190766332883295,-1.5767391113525067,0.43067948775996856,1.4810107964030652,1.0143318616014751,-2.8432039590488882,-1.857699185102607,-3.2233745452940123
1.9908212051973249,0.549621359840483,2.761670282030102,0.013422014202829536,3.766187631618644,0.9619142506372855,1.4412096107321528,0.2509201748729324,-0.08837194937343018,-2.172459854486438
-0.7214268137816935,2.7101030968600504,0.1661486349983825,0.4437688323848613,-1.0026077858720617,0.5535031850352647,-0.7770307327844079,-2.936729069981639,0.8846465495253396,-1.95969700799729
-2.1187680618366573,-0.29790553377807055,2.0989169548915925,0.43819077771529175,2.6878006990151766,0.9404352619731532,2.5593000824323773,1.0553024933259998,0.07287356739432536,-1.2945694266525156
0.7350807565580493,2.139678540507807,0.06375275318935913,0.19267063569693096,2.066983903854623,-0.16478134257944332,2.559991945818292,-0.21776811286802744,-0.625628898640324,-0.5012747282780753
-0.6480138077044346,1.0993050957838246,-0.8826625040174347,-0.6329655078624445,-1.1404415356966118,1.2634917565841346,0.49351048729884206,1.485272060126887,-0.7189536543090823,0.14570324553018862
-0.538022418557593,-0.8950574215830415,-1.760942486118978,0.38305476085695306,-3.2921417938059125,4.213573004292443,0.44485989816658744,0.19096213374955084,-0.2223873448585707,-2.5802568244984214
1.6709989543115897,-0.16311469667705744,-2.8516826536515394,-0.18823185668831982,-1.1845852915754629,-2.4405025832411917,-0.2903965892649778,1.9098018294341688,0.3161383871765335,4.115811078064969
-1.7389896723061566,-1.0760374163078044,2.436892860397257,1.1682786107600927,3.2048155464668455,0.12205778639710319,2.254960923097628,0.0656588498943741,1.117056375986017,-1.307119022200758
-1.2456430144924957,0.6395535255489071,0.39931235488745587,-0.12729028108931126,1.0725886412163568,-0.04853973622297758,1.583527763819843,-0.022488379842675155,1.4108097530304031,-0.304268515539788
1.8688171121374229,-0.3573695445000239,1.326508438158971,-0.7632014848529008,3.9519867568260003,-1.3910436792771708,2.300658974149231,-0.06254871614792323,1.5176967939888875,0.0010716547762178875
-1.8422401047805228,0.9772810640235461,-0.8662817005952295,-1.2302288683074818,-0.7765334177537682,1.11720767437171,1.4918399297014753,1.2089932178997427,-0.20891042009802094,0.030626935801585684
3.3522584846213404,0.5994679665842008,1.4915971226642906,0.34821588881310106,1.821823586313713,2.632974079352708,0.6696378835574064,1.0910819640120488,0.732277487819602,-2.5008417737581534
1.0856711329447795,0.6194640668759949,1.0802341799470132,-0.07093155298081019,1.857619794134587,1.3473017976330324,1.6143812492271437,0.030387493405968247,1.9110862678457852,-1.8668751882183732
-1.7611955230285996,-1.0478247696837508,3.8075581601199,-1.1101097479119197,4.542340789234215,-0.09532144031118062,2.261222129029685,-0.4458561749889125,-1.8833271795223048,-1.9828172553427719
-1.4490908254058592,-1.4482828316528544,-0.2648161652649639,1.6930740147076142,-0.5474839168458153,1.9581933545369123,1.2577434527750628,2.251149051367377,0.2531929664239423,-0.30529785260883885
-3.0554632371948593,-0.00784304318545538,1.6702497405629482,0.20947481689325856,2.168236894989113,1.7327658973748303,3.230452908554106,1.9808189808907386,0.5362082700985275,-1.2764079231425727
0.07911686092771963,0.4983299331573493,1.7515035994896655,-1.606571962221545,3.2542118431931346,-0.501652161654212,2.0306215543638153,0.2654973927503008,-0.3389310558315797,-0.5188530706996786
-1.6888994315480383,0.6410734684784644,0.04085079581589235,2.4013827438658297,0.9731387908984235,-0.11890785230214429,2.094600218867204,-0.05827142288030318,0.05243863714371047,-0.16979146033755665
-0.0027888020124975377,-0.7042358711078902,-0.09678981322148528,-1.6536612502133134,0.24630859701469443,0.7475051523496168,1.1813051738588742,-2.3282080079605674,-0.8327107445447285,-2.052479801749497
-0.8930648951725255,-0.9998451243939201,0.9102288356657353,-0.49238963588762724,0.5703586348567752,0.9913635228375113,0.5517427717314765,0.8085066723904908,0.578912635480191,-0.7434379458908318
-2.209729336181842,-1.2189309351227866,1.4350738799828018,0.4342675527494722,3.627956481405026,-2.669220761111699,2.60042650178697,1.4279784500695132,0.23795523497190216,2.085068983232525
0.030504958343566146,1.82732589225669,-1.0130689449477095,2.038325359679303,-1.2151815676568558,0.35760954259315014,-0.22049055135131823,0.34826895037845973,-0.5016775223139297,0.35968902463189356
0.19182816900699207,-3.0141928642044102,2.325195655147099,-1.4469130957359535,1.3697855122795708,1.1002810042531723,-0.636178130647368,0.6509541958424914,1.0056886228630708,-1.390783789963596
0.3204982542828141,-1.7566155067635614,1.2322561289313383,0.6356325970410381,0.577425823533276,0.6645590176052951,-0.4269907697142543,-1.676027210767209,-0.2972685795325384,-1.9291504222035742
-0.9600251328174451,-0.48847879378281206,1.3119498731721029,-1.3146497093354244,0.8758324903433278,1.1361400110682343,0.5616473644077561,0.9177522834847585,-2.421463271057485,-0.9612092702274934
-0.5644019970341208,-0.24886366225041892,1.4606205993366455,0.6504469949284817,3.250754897008636,-1.5392639350310797,2.0680295938318523,0.25907231831108757,0.7131165133328423,0.475525641417041
1.4281421909430505,0.2087752789102409,1.4982189984870622,-0.19760808707194796,2.9319443496237345,0.812885264293806,2.059994538426815,0.8843905530914855,0.9380596662616065,-1.2370984896113701
-1.5660767110091505,0.5331510093745403,-1.5631682079116915,-0.23252481830823762,-2.1348906687625093,2.4192237866000323,0.9973565033150884,2.7715751661594923,0.5821668061976601,0.20339207043635277
3.3305378738293885,-0.36392624904946513,2.2589497650741954,-0.2074295504292986,4.77868165137184,-0.9512762761370221,1.849325634280941,-0.12205006937309926,0.44900886107688526,-0.8109155448412991
1.1842657368768195,-1.99922394141916,2.8576205908104124,0.5674820411030539,4.3161827263304975,-0.4816612345662107,1.4919569411735891,1.2673261385142354,0.9336477125961141,-0.43228516346205226
1.029221207304749,-1.7743215027186228,-0.6743733271934633,0.8639245119073657,0.5393992047587702,-1.1180570320895982,0.44665667685622823,1.2250162631835173,-0.24220216775341605,1.701382775148513
-1.11514562805585,-0.09995012697348264,-0.45069508641392275,-0.5298282158620438,-0.4184624829737795,1.0303214309691726,1.059939945960818,1.2005087650219164,-1.1755949699568613,-0.0615965062256282
2.455064458611403,-1.683044132775287,1.1394312380549088,-0.31551119284398504,3.2623408126755518,-1.7156873409614717,0.986859356312485,0.7674951768760312,-0.17005054886423013,0.973749551798745
2.5936310663420548,0.28449409385836605,0.612878663096295,-1.3037896639061373,1.5628252421010882,1.5014275644949797,1.2465151546241822,-0.1667785081627049,-0.541801725674703,-1.9653834459602046
-0.7611984242201357,-0.8410726168205924,0.8474443436168781,-0.6824123249685233,1.1278203347969922,-0.5799858504283677,0.3676212626733909,1.3088961494929563,-0.08431946815188773,0.8425932752368795
-0.07123415860635496,-1.1725722304282227,-1.2914188286170116,0.7200832606824262,-2.856526949875108,2.743825911362938,-0.5576813730266219,-1.4403964653396075,0.04216733220953185,-2.371524736796908
1.6803655727933073,-1.2712580331461396,1.9438664121983102,-0.2835659380547901,0.06177878225867142,3.131285405822262,-1.2241034895248828,-1.8841314025999105,0.37669981780995193,-4.293859308815594
-0.18400537201234557,0.7813475091349437,0.23115236823817864,-0.8288583406220867,0.6722611261024876,2.410400708805633,2.198661936580433,1.0056739503991867,0.9024408191778746,-1.823736289399658
-0.21719938451132803,-0.2843458400685346,-1.9972052611806244,-1.0968753669053641,-2.634684420965901,2.761359794570449,0.8505687071560971,-1.6962043663974193,-0.09721358746919999,-2.460000827353728
5.626313996304688,-0.39176929946518585,2.4758698343126615,0.11819673434048017,5.246944952352588,-0.5504755133926986,1.4910844080624404,-0.653175331741183,1.0450191800396944,-1.64009574890538
1.5437902979932105,0.3261104064082228,0.36728183192460384,-1.3169547731892646,0.8996226935539536,1.5147033183462972,1.1632463766605605,-0.968148443089024,-0.6249662483218599,-2.223167676068807
2.836516443914862,2.3427851389455423,0.15729297770775452,0.718161115184063,1.3011148630653917,-0.39292377420487923,0.13761624041037135,0.29582648846976867,0.6703627292358635,0.1669233489227132
4.020065436673212,0.10365929129653809,-0.6674554972425748,0.2150861640270583,0.7118023913245498,-1.7187828131589422,-1.1160764671996488,1.8525130376491954,0.21768883871984054,2.5536232341989007
-0.14742490847936218,0.8231447052606734,1.5030224995881152,0.8322515597509673,3.684274952645542,-1.4595019283315984,2.5609925624277463,-0.28818091422465963,-0.751993775348684,-0.025932225886982973
-1.256628410820615,-0.24171385000830717,3.01576132901881,-0.3686299586658543,4.260844704000147,1.7855874936524956,3.8803251596480317,-0.24268131765930112,-0.7153695649355712,-3.3630931366789296
-0.02020368850115528,1.024793660733336,-0.745877379537073,1.455151958689893,-1.3300460709713235,0.6861236164569989,-0.5428574595644675,0.491016272769079,-0.16786575989704092,0.12287267896033359
-1.551530132034775,-0.67828138655255,1.0108020605374286,-0.8008822256333369,1.1888805634871922,0.5870880791843329,1.4118147336851479,0.42675215102138764,-0.12666558628856656,-0.7642921993245317
-4.408210542683221,-1.464959662769322,-0.398985735915224,-1.2344485359588495,0.7330573741694025,1.700017974024556,4.5436377243876676,2.2269020272329145,-0.32333946294417093,-0.3702921691297409
-0.7733062213873803,0.989978256781682,0.2681593830927509,-1.181915496887045,1.6139706838991625,-0.31114287796322193,2.3639539988134497,-2.018303904827339,2.5169240737314436,-1.3174842348148885
1.1056390420587077,-1.883918386748228,-1.255501971580273,1.239786213998643,-2.0572189625374686,2.482404551234101,-0.30495956987030226,0.5743208956019465,-0.8182900044920601,-1.1912725431202635
0.8829832194549757,1.4291680178554391,3.174815066037885,0.7867698356644216,6.93333981271247,-1.2272217536115493,4.803428510297717,-0.9389141138806076,-0.31493816929009855,-1.721624745923081
2.491809780617615,0.30904697792232383,-1.5408389579597455,0.6991514913624165,-0.6153213134929498,1.1086036708821616,0.7457368964666443,0.3603280503804085,-1.0298589883855314,-0.375151991814605
1.5136878315671045,-0.5363871245745727,0.29864485350773373,0.250904835027407,1.4478538335329003,-1.2344260089311194,0.06549628493569648,2.1994235243955935,0.6995632453324118,1.9600916556553025
1.3887356401666047,-1.4413241051225865,0.5700517389337796,0.45513327681595617,1.7048750770959,-1.5728861913880665,-0.08896946292105423,2.2389680548323394,-1.3013052767493392,2.177373456467986
0.2851050811119469,1.4577207610564353,-0.2043587405101619,-0.7260513675903624,0.5524600170474316,0.6598222092785357,1.5199209496951602,-1.4560662674913218,0.3409320272938527,-1.5318678107732122
-2.930557661515615,1.0997198247230375,-1.6113870667411376,-0.18397360111456626,-1.0695585533864929,1.2038984867790496,2.6172878400322066,1.5025767805234824,0.22508522306476172,0.33055596240348145
-0.18109941928973905,-3.0438697101555925,1.0838852984419256,-0.018157021847379124,0.11441266138668965,1.1113478546150277,-0.4619579561547682,-0.9374082757079325,-0.40517205785331584,-1.769943323449156
1.386657923968608,-1.497750211557496,1.3558962861416364,1.2601130293106355,2.4127502681142023,0.983160839885334,1.7135298735682798,-0.2502081783496156,-0.7916674679375134,-1.8850149657540645
0.1879583702064106,-1.0015534915967834,1.780285566551698,-0.13139548817944366,3.5771018947708604,0.5593407372385125,3.1882856847950345,-0.8197605587097975,-1.037493098096147,-2.188287399765587
-0.9933483191828021,0.6634068456459449,0.006505616408701842,-1.693152181835308,0.48592335033350986,-1.3045374086073984,0.16835013539184307,1.9708277379830534,0.03627674930542957,2.1916674725499123
3.0577820603368915,0.4634898100871809,0.001985594850429928,0.9920282338253383,-0.21201441345566377,2.667381597742379,-0.05824972789600502,0.27127696484441377,-1.6087484350295909,-2.2240694216423225
2.614092578882321,-0.4965514995291566,-0.5996223982068354,0.4867317383227877,1.3429920101717245,-1.6909274157594747,0.4989714020521796,0.6372034195988175,1.1526189266356477,1.6688441560223133
2.5441854338940635,0.8172858547753724,2.268898129649787,0.5959258870039756,5.086503157953435,-1.4197424121713207,2.3391584436742985,0.08451912736246758,-1.01572693686117,-0.34348338768204034
-0.028369004589715807,-1.8775078687969724,-0.2040826182913129,0.4926642624293928,-0.4175699503686652,0.08072404988353643,-0.026009378996655563,-2.7831176834178333,-0.049787339511710764,-1.522216376274574
4.09418450375322,0.4825128927625619,0.07340380733395468,0.5266119262879713,3.8926351748626424,-1.697359794938465,2.6762200019617914,0.5744159235673065,0.9208868677013484,0.8797588257234448
1.9687989235883077,-1.0782307619301663,-1.565189822314204,-0.5101409020985285,-1.5290965722695735,0.8279975398207577,-0.4761185653398994,-0.08176954598685604,-1.107252311026353,-0.1401322676868172
-0.16018687381407526,-0.36982205523028155,0.6544711366340588,2.3521496209055854,-0.7105828317600176,3.7557688314612614,0.4358661380236202,0.5811741001150663,0.3350698649953274,-3.0221688221605634
2.4122479244214166,-2.2334412014794016,-0.6828184231022261,1.0433367770251014,0.5323015869080132,-1.2461984005981637,-0.270734988115535,1.2519030962125228,0.8914115126852971,1.8328099038318033
0.04319691323407582,0.020127317996467494,1.8642398527405573,1.0768830774863776,1.320265799510785,1.081957010425784,0.22513367453896482,-2.04342085587766,-0.7697181687711282,-2.816693270719321
0.8281135882885422,0.11121515152810689,2.1091352187939116,-1.188972728433314,4.9429911499741515,-1.881553428116402,2.7755817862189396,0.8437983197825558,-0.09071793278763612,0.5789205725078532
2.1931786661913044,0.9861676715549834,-1.1504284263864824,-1.9006552426486278,-0.2702436895333032,-1.7253969456472287,-1.1144210052809127,2.338571080446952,-0.9100340023229387,3.1735967892294936
-0.19455302965193222,0.04712133301360596,0.9579500193603346,0.27149221580632565,1.088447691940105,-0.06397833197793568,0.4644289799465662,-1.4135816137502248,-0.3871851451518669,-1.1930351154714978
0.233992356464793,-0.5786321295195289,0.7731540260206733,0.2049455208740585,2.7682569245258826,-1.4479414877962358,2.024062727791911,-0.06987333030468124,-0.9064000767000907,0.4472569735035263
1.1197363542637195,-1.0097022044992783,1.6583081240396007,-0.07333757185054145,4.362682614536644,0.17916841515737914,3.7655637738918197,0.19650854558309372,0.33926907422668356,-1.4377135259050386
0.45605350184415316,0.7378507944933531,-2.2262298027822722,1.2604995484899852,-2.410193123281358,-1.12562549307123,-1.6092619582720284,2.150603920548319,0.053995918466949414,3.2525930868427153
3.071440701103414,1.608753974224797,-1.8031607102554783,1.5845728676101798,-0.9140188147373132,0.29471097565743287,-0.0815375317828626,-0.024080883146738397,0.34252729669866844,0.26495990784001416
-0.4904893522234304,-0.422888631311452,-0.510326215935824,0.4710714042405225,0.7231177349934976,-1.5696996486945465,0.9526598302717787,0.6823078471994045,0.8299188777099888,1.7302845179550248
0.4317723783358136,2.3907164614202334,0.20676105534276634,0.3025938047440838,-0.5565064944557901,1.5232552193124078,-0.49719804475861396,1.681367219785979,-0.4923044064270844,-0.32402384727218725
-0.6621205072383998,1.8412368890507718,1.3555973590337418,-0.8381323251932664,2.010374455352922,-0.3161865228628329,1.245926257618073,-0.3750329452448449,0.5998127968951364,-0.6705704821782813
-0.9503759335173081,1.3836158333482176,0.10278027473921081,-0.07465592368451458,-0.14189597634855874,1.7589337792040514,1.0113675620435894,2.0776323793349003,-0.35122597030065866,-0.3921714755401329
0.11310412158415972,1.6950356662414008,0.485778706225773,1.1048263778752794,-0.5488295486235809,1.170214631371205,-0.6503267737710909,-1.68163020573064,0.3266776728667839,-1.9759751826631091
1.826791813571181,0.8649918628535319,0.30474495380427546,0.6621552649963025,2.0539295235746824,0.08102846167455535,2.0440662286450957,-2.276943160703319,-0.8112846165279084,-1.9441897484260537
1.12965111928963,1.1519815082612723,1.7974919020202293,-0.4147050016543623,1.8191954269896593,1.7441577975470368,0.8799316931722645,-0.9302560108371962,-1.1800635692183306,-2.8970295428972284
-0.7751739235917467,-1.0179990267489507,1.1459730406758908,-1.4212661942075848,1.8614105907862306,0.17641095111219252,1.921795858484745,-3.109412509704378,-0.8855259449860376,-2.6045669373445772
-0.9278784427536584,-1.4553540031889207,0.10633899530318913,0.30592063113201573,0.33011742175843295,0.6015867470985669,1.0876770803229232,0.6988013887685738,0.7130859528226593,-0.24619899971781467
1.8781379982399395,-0.7229372748893808,0.2656241159504109,-0.5921983006071034,1.6867096882430386,-0.905097991456299,0.606106218088929,1.0862539295020666,-0.6557924581422386,0.9708275220707512
-1.5424645098228664,-0.12477433032629458,4.497504912239421,0.09798955710961253,7.03499367367884,-1.9079014331655055,3.654530383792481,0.7536015677949967,1.8583803674646553,-0.3956969562442021
1.9043601636385743,-1.7793358248908504,-1.6813738692632907,1.0211799471165823,-1.7229837122685754,2.3188609453003135,0.29033419774822955,0.81064767592844,-1.4526411904813894,-0.9153903883978975
2.6923536605577496,-0.41031980262833645,-1.4583412105816183,1.4080725765041158,-0.9379937398564573,-0.1957870830258468,-0.6554259554936508,-0.8755722287254579,-0.902661014113194,0.16849072485873104
1.0394072420044762,0.10708380569796909,-0.3808095945092669,-0.7167921618435107,-2.1599392336418326,1.9663098230842473,-1.7316479432129634,-2.0554042125895253,1.5588303557936274,-2.3577585175756726
-0.3953466394128484,0.28564377545372976,2.834924268142241,0.6648652101430315,3.872200516859108,0.21405153730892146,2.2823785356959436,-1.5779156033150494,0.9748738249976714,-2.571007503793547
2.1735895487708694,0.1362543942134439,0.2706071257596304,0.47951084995403354,2.5783759496603413,-1.8251105190318637,1.1996813000894937,1.1584102569048085,-1.5240195923759075,1.6248344648210133
0.2343919984505074,-0.7195155096032091,1.4071426961899791,-1.4769518347836892,0.8493670798981726,0.7995086396661639,-0.345319336615979,0.6287945107617035,1.0938614128414266,-0.8343107116325292
-0.27028163757102375,1.8987898056670331,0.09707707639073104,0.7945675678132694,1.8038866790279249,-0.6972581567358014,2.2260910537455727,0.025303894548464045,-1.435509400615073,0.18320171532214147
1.039610932694672,-0.02754252998301905,2.702929144856663,-0.22544329371672353,5.829134778228622,-0.5879213287411447,4.030978513677189,0.3919750994421962,-0.592594210922551,-1.18279862505172
-1.185321380953749,0.9148922881071924,1.7434491083120718,0.5021546924543144,1.801353940885767,0.4315376701183057,1.0691385987498796,0.10040807529537465,-0.7113027867429939,-1.0955063108955228
3.2630224249668394,-0.17760562979748085,-0.39374281286654633,0.24399033174845705,2.833464851230292,-2.7045621450516166,1.6915356443036824,-1.6438273199791809,-0.28528199211952765,0.8777155518081966
0.8932547953877991,0.17913459804530443,0.27351242561794087,-0.023610935720088818,-0.2309467750666856,1.3356663242707896,-0.093003154018519,-2.182580305821412,1.419315892212807,-2.454807728205692
-0.4318321036394406,0.8996317913757421,0.5693467109662753,0.5622389195512535,0.9531195216342564,0.23916722221180298,1.1965466440348658,-2.470862948590635,1.6546492411065543,-1.9675133050219618
1.0909672132255648,1.1824895310027532,2.104911046329184,-1.6812808491751159,4.264744488167887,-0.1639897110190367,3.0363777693732255,-2.490544877274907,-0.13048019985191658,-2.7175495290507103
0.10629535317504635,0.2801025667463481,1.8917363043788973,1.6694957229928287,1.77839912530661,0.716359286715191,0.3617892027058114,0.7179588742384257,2.5525328416552293,-1.026166184123161
0.3127133145352955,1.9132745567258178,-1.3906921212581147,1.791043136954805,-1.174334895164789,2.7389411431938315,1.7662437219412652,0.05870278587362732,-1.8040572894406497,-1.9113423059946595
1.0770051581675992,0.33995260280831496,0.7057866745461923,1.0989844310805834,2.1257274625073364,-0.3880404179935022,1.4500183164160967,-0.11105191278875925,1.0272652394338448,-0.3696412658337912
-0.2430982429575017,-0.19740050919364394,-1.447680471840879,0.9066488919115948,-1.7456746298631924,0.919655021783145,0.008663323511097776,1.0916462400174263,2.2740828139841285,0.485069923401252
1.1311638905962447,-1.0223799561006484,1.7034889082259708,-0.0827914973655133,2.2718572678139903,1.0537277767443336,1.2305238953329452,-0.7663144768924348,-0.12684743548152339,-2.271434549541907
3.328993044690573,-0.396184172420984,-4.374289663761411,-0.10224272419856414,-4.389597444729923,0.4921736519737421,-1.597621976396193,-0.9074652280221488,-0.5550740837703908,0.9102267688435747
1.2044657276246973,-0.23538706494503356,-0.6767412811012968,-0.05842730966354471,-0.5867699365949127,1.4805174572000543,0.5091978277094571,-0.6710350406357963,0.4218432394331722,-1.462845296103361
0.6987480220554084,-0.9167344849968574,-0.8798869726439287,0.524679290931137,0.4378252065097255,-1.4365382702158593,0.5579094063366219,0.9192573139080287,1.6753949677673527,1.8794939201202978
-1.4824381450045254,0.9358633139660453,1.7077536507358515,0.312752711711481,1.7154444698215836,0.7225274937362227,1.2760521754756977,0.4991640501251653,1.4724507230541397,-1.1035040616092753
2.471779576516039,-0.1462725418315039,2.190007996548099,0.9935478322391276,1.5003900286241048,2.347962201020508,-0.5762762896955538,1.3696665506119317,-2.8108493815695232,-2.12759798349824
1.8654044144959157,0.37402812068944924,-2.2866453935166,1.1513883482750413,-0.8464701746968881,-0.061475931696393094,1.2058781056423735,-2.1471237238036727,0.2801763664767246,-0.5498540363365818
0.11043036631818914,1.3167542242171413,1.3048493743826948,0.3014681724357392,1.6320438427942883,0.13998201596398452,0.6934942352726887,-0.43620101842978254,-1.0577899486354516,-1.0188270555764427
2.322824003721357,-1.148762709908256,-0.7594494759964255,-1.2322763954188192,1.809112515125542,-0.9992549199671892,2.279348382813918,-2.6810093873606045,0.39589774196683614,-0.9407422904085365
-1.3565987404899524,-1.5623199042798452,3.2179476097408912,-0.6646834701811969,5.064527151395488,-0.585088824676801,3.3134181933775912,0.057403791020604666,-0.38186129568772087,-1.2739636016839746
-1.7644220689793526,-0.1477500507426507,3.1758907276774586,0.6826217077992988,4.388821856686552,-0.743842416078921,2.307953754093087,1.7071626803900355,1.6128033734823857,-0.010975309509263516
-0.800558496741477,-2.703413503028959,-0.5883697169373403,-1.2226408486636717,-0.8000199915500662,1.2347138589740352,0.6502398934978658,1.4080186266441743,-0.2106075839760613,-0.009853889289766406
0.5145451684977553,-2.0891707392728516,2.1398583036119687,1.5407809052154688,4.045058894634783,-1.0933637979408088,2.110527888984562,0.07011421603301593,-0.5393456317555199,-0.3609199705321707
-0.06164140440086596,-1.8513605377172393,0.40234151189486134,-1.3828404639312455,0.3872574891094305,0.38292131447617395,0.475747053946148,-2.105613804412716,2.363071989447074,-1.7196518477567204
0.8393398313675112,0.35218024265322884,1.4475574808477385,-0.011413020522428829,3.18233745604139,-1.3128596179046998,1.3878015771208752,1.3312131757914958,-1.451139038527302,0.8979024596083564
-0.5352703687371587,1.1532435608490328,2.1380889135141175,-1.8503601442459134,2.158628330924549,0.3805473816332138,0.7123871956331451,0.2131239519547149,-0.8682151678246605,-1.1469050268941992
0.06562697384614002,0.7699013615388879,-0.7326735951991687,0.8315670314025563,0.23398384508667455,2.1219504952271993,2.760737926240611,-0.9625356542764066,0.8593418227859717,-2.4026384569234422
0.38452333369326164,0.15504523201616802,0.14521177124837925,0.7127262255582192,0.9773621577584662,-1.314447819909446,0.04534931781609841,2.217607939042913,0.2766172626195211,2.1908135918219935
-1.0935730678572435,-1.1637043372601399,-1.1238217387155767,3.15441297498527,-0.9569047486837329,0.9516911341963838,1.1330107496240307,1.1994955055854328,-0.19099842831968167,0.2651687079151649
4.145204062588775,-0.31407077633871244,-0.532074203139541,1.2965535012974532,2.8921203048910105,-2.564937017884928,1.4696370875743177,0.42451992133468575,0.4916042438993978,1.9405450459049882
2.2661728730272763,-1.02118677944831,-1.1442437853739098,-2.756610188282655,1.0168785432960497,-1.0545344732932898,1.6402177356373036,-2.834980437827609,1.052212407765227,-0.7117497170230126
-0.1837976100093195,-0.6600201279332248,1.1595248122661865,1.7260635591250115,3.54318703675083,-0.4877906574430293,3.5748289436183143,-1.5928879352171657,0.8140793240943175,-1.5564053587022582
-0.3647711284747275,0.6520942796806144,-0.7489715881148216,-0.011506036291433026,-1.3600723598648978,1.007812503534058,-0.2579705259086378,0.9020829006954977,2.156160936708645,0.0743469251966743
1.4797715620256717,0.750881873379906,0.24220637657906208,1.606887789955593,1.2566734626617044,3.074972057642877,2.4215063146675213,4.227906990055956,-0.47835129023172657,-0.7384226475089058
1.982974607277293,-1.0372918627187988,0.8050035044676521,-1.1036184605916006,0.5126619484973318,2.4878599789374958,0.41686880095465717,-1.202689476402057,-0.79937303423514,-3.2258631359412924
1.506365751417387,-0.45342548703721275,0.8646952232155617,0.5553979304679338,1.7776037986475064,0.6029965593630986,1.1992142084043225,-0.7479391418195691,0.24991103918137714,-1.5773473408113532
0.5737555685372397,-1.3461355520680067,-1.3729465145156874,1.3042223202356815,-1.1406313200491611,1.8531203469844504,1.0928214125414397,0.2673997985512042,0.5576927426208921,-0.9996714892504713
2.580228920870198,0.04601897740108184,-0.08784077236516241,0.45290833078532505,-0.7510788253908355,2.208041389416742,-0.6770782950085179,-1.1783760617541634,-1.648312041232046,-2.4834134983227703
-2.6103268321403057,0.08401925278503246,0.7457648103577199,-1.2685090336992717,1.5003855607880905,1.2801727164385608,3.0591759443521163,1.6336525207918284,-0.44795410035005356,-0.7309453981927863
0.9058141905521443,0.3474356670621668,3.11697489089279,-0.6646650814165828,5.402041987716919,-0.2024800049332558,3.177901232195125,-0.16722967528503896,-0.0767403556425294,-1.8212448016635698
0.5914183330997873,-0.9735506217177728,0.6523994975443033,-0.8469506309043358,1.824410117669197,0.21695612928141783,1.8105046868887247,-1.5548142488210246,-0.506532635051422,-1.658153808996119
0.6539009911120427,1.1334932749613584,3.666161062268792,-0.1878820321141137,6.721265291890364,-1.6229139673748145,3.6511948155000913,-0.8120396810222086,0.8848293516523539,-1.325719609891855
0.6613342490968762,0.9151745586216993,0.9852809329903683,-1.6575176339352276,2.768958983665325,-0.23558517072815732,2.1443323565690453,1.7039372661762182,0.17903881692504053,0.31920454990860236
3.553757955275658,-0.830436723556346,1.3295802382032442,-0.06760091205852983,2.7643655251955233,1.4948534010271173,1.4461871862034017,1.4906004980662355,1.6590661252333225,-1.443739159800193
1.7164878751577752,-0.18008532826349982,-2.009285050966656,0.5450095818238022,-1.5832971905681665,0.27915561208161077,-0.12443569296988133,-0.6255060749655611,-1.3149263010158487,0.14271280346952575
0.8441751127294059,-0.08403453185955602,3.109412980825998,1.450349836541676,3.9649540111628383,-0.16663166204369217,0.9814981388521954,1.2147373635291252,0.08115397686707682,-0.7061950989482488
-0.47846880965945693,0.46806241005682536,0.2429052345250564,-0.4817835651440671,1.2306668260090394,0.3148920837483268,2.131870764600049,-2.4867053692252465,0.1959758116725883,-2.054808175431625
-0.5760635319539309,0.5965419962735601,2.237040252872327,-1.4196171084708131,4.000702524355983,-1.5978792333831666,1.9632578791732334,1.5130482490965687,-0.52912739653202,0.9178283250627096
-0.9361481363722859,0.5793883537144646,0.06508085389440588,1.5750931993342794,-0.050410781570299316,0.7388534878342103,0.6744723865501081,0.6503658157555945,0.009192713311373774,-0.29659402433996845
2.1790934753795277,-0.5045394740686778,0.7342758117497363,-0.15806922022826483,-0.34228603403673785,2.474540756111148,-0.819409428639627,-1.5889296812190965,0.8123375055900778,-3.209827974942692
0.7280805816386311,0.38152361369847104,2.0224260279278035,-0.42634783100130125,3.996860472603943,-1.13531166289614,2.059219442153135,0.27028002428220443,1.6336054271668867,-0.17573809135002313
1.157524267177058,-1.0351911162892364,0.7842846828848,0.42327452371172675,2.678707473683456,0.011198598859306075,2.5037024865722515,-1.519855059657698,-0.43971844611523775,-1.6887696290030656
-0.3147822852443677,-1.3502467706706978,1.9024280527271156,-0.061468672852004635,1.7068685723581092,0.7063643288921948,0.4404426788192868,0.5751385537796097,-1.848879398435247,-1.0817429991302903
0.618264048145329,0.049911513019351615,1.2794470780687002,-0.3000276417189685,1.312659420289795,0.6879574273049305,0.4878926765716376,-1.7874777498336414,-0.6784621823081092,-2.205925435239635
-0.8047698544401993,-0.5454745233508211,1.9058593874851009,-0.6331873342591081,1.9093881875098597,1.1366378272618292,1.174691721265916,1.2398088276182702,-0.6571862995361945,-1.1425846108106241
0.001993304797502926,-0.3108793825389871,2.2541058909102363,0.1661754857955143,2.432693677224239,-1.0904979376739927,-0.04370321012491907,-1.7542597248330707,0.2884516962641597,-1.0247769913180274
0.6059023257546212,-0.6885359394076584,1.579207111917868,0.558991678377989,2.9242631031790025,0.5786891659182166,2.231783730850162,0.14204322005566183,0.5624184729964663,-1.459005644848275
0.0898184458947181,0.675059581709979,0.4023257512729005,2.001301912082954,2.6688405529922736,-0.8675845025331137,2.878491776771617,-0.6879386755580148,-2.0482519870770397,-0.34057295979210805
-2.269626390519429,0.4109975377728537,0.8504994620034816,-0.19538376169015959,1.2536362051265877,0.8587190583247379,2.1911826795490486,0.8825443661135013,-0.42877275479422583,-0.7357722586168797
-1.3334697967689921,0.6625150796304933,-1.576175545404654,1.077731978089406,-1.2707524150383995,1.2212092083769295,1.5291393390163215,1.7055145175423427,-1.367940852970678,0.47008505295237457
0.7246950559455518,0.8417930998628028,0.0830060030653631,-0.08747708409915078,0.8454735483930336,-0.5391669795767806,0.34465681866649833,1.3772761940217135,-0.6507548456759081,1.0496500162641578
1.0356624958082041,-1.4669500678260174,0.9810626270682717,1.984883310872719,0.25653492075324624,2.127917383324851,-0.060511461055239746,-0.5255890289688296,-1.7263335453797037,-2.4780357916010733
2.8984162793604615,-0.9690101822980337,0.9894711603727214,0.6534230230698094,1.7461428293532708,1.8748403720375464,1.1347100923883993,-0.6309655685868245,-1.0422505262777984,-2.6844937144739474
1.8225977099940003,0.6623459738159854,-0.27222450293408107,0.15236390171087952,0.4652463412444527,-1.0294347701172208,-0.6392673930967228,2.466203763956023,1.4420181102590843,2.2730693454625235
0.3886942232623678,1.8250517262429375,2.661534069967101,-0.10264191167950079,4.955518307107241,-0.5573910193053349,3.207934887808726,-0.7241524317089885,-0.18818764177673664,-1.621971091156587
-0.17849796461847167,0.16229885318697196,1.2411984883851432,-0.8739422128944387,3.947705164570806,-0.6543505840057313,3.866344024679782,-0.5980040065957728,-1.786567396403029,-0.9520873668023316
-1.336727275578617,0.020915521472595178,-1.4789576162034272,0.594970325977686,-3.3457697573273264,0.7456503137291159,-2.1260200249216545,3.261588575337416,-0.5176305428967544,2.288335466856119
0.696244210040097,-1.1205215438931813,-1.2626231742441532,0.3728163413121886,0.8949089047005235,0.37564975303919634,3.119176527909765,-1.376976035959128,-1.5877736810419978,-1.1223155534307467
1.263677012682074,-0.276293712163059,0.6382717007568108,-0.3136159493044612,1.3490055122799143,-0.2383483763469928,0.29231569918779965,1.0844970720663099,0.45614246654196455,0.38182891884087683
2.0922693420933527,-2.9359936786176912,-0.4910559126002837,0.7509301607546485,0.11280256927536382,2.2092854438687293,1.1220853823223604,1.8320371580827226,-1.103231728298313,-0.904905675144515
-1.0967364214706734,-0.8126508213948332,3.480285370260528,0.14606471284479558,4.920613591561788,0.468691549373492,3.3140376662830544,-0.28492311627920386,-1.8520938444974493,-2.439457707750816
3.1300878438940596,1.717469044972959,2.3429504791984535,-1.600325459958217,4.887291483952132,-0.43452154094359174,2.3885387629528654,-0.9679770309663456,0.4237221694934079,-1.8052529849159162
0.013177125596994466,-1.069322222943054,0.20120819442761573,0.3155782048606359,1.5447126240138094,-0.766712916808007,1.4743243210854566,0.5690980207252587,0.5017002775337948,0.6015737235142743
0.7990929587065443,0.26753660960040354,0.508839967022723,0.7151174355271132,1.4737689378901375,-0.6393671489459565,0.6039500706047778,1.2265640082597769,-0.2860646206180772,0.8210630747352367
-0.5123264802419246,0.2623878323781133,4.043455818942396,-2.557815992814057,4.119156634585488,0.3940195007534948,0.9908054909381299,0.1282301972979687,0.2806538342022716,-2.0405656863180974
0.946687630893028,-1.0985944275436668,0.31991686999911695,0.7417507392687065,0.6886714913961133,0.9340669188554536,0.8344080194162046,-1.104564481896433,-0.02104669713734699,-1.7110553115410996
-1.2282893197602274,1.0367363232565479,0.7045156034916165,-3.100293620650827,0.9962620590373886,1.1389779500662383,1.6583658145715274,1.465646379850991,-1.4672178989977893,-0.5696450445724757
1.3035417542396242,0.8122460350930987,0.6028017698900461,0.27318984460868917,1.259346196434842,1.6634211486056116,1.3746008679651085,1.2941510927218727,0.6811281610183638,-1.1975257560484518
2.7532090260052526,0.9634562221123476,0.19899709103208996,-0.31571735667501927,2.7435720912960635,-1.9439450350239587,1.453556708668364,-1.6595063012099147,0.7649340921719,0.09370825844399101
0.7560496775287097,0.8408308401522308,0.09939787546943935,-0.9743383016364384,1.074391810893717,0.5809343624488015,1.6305823377167616,-1.706450108417076,0.4070822155325637,-1.7892068483762487
1.2013386045664065,0.009710274311047718,0.6918958527317235,0.805229253326791,1.1935579298644743,0.05307954393184677,0.21764378313711685,0.8872913311309356,-1.1031771327544764,0.0334383056086723
-0.328812859205342,-0.16290194887134454,1.7283609328101246,-2.502969420301753,1.7803524756560447,0.36541299761793744,0.6082145726702612,0.27453127232798313,-1.1723149232616004,-0.9302757285355202
2.3262217290336364,1.2393736904009405,1.956379536649334,-0.13682821490892683,3.379532180266597,1.4955126506940826,2.2508562743423925,-0.702680213343756,0.6025705825698036,-2.9604817135922925
0.31238675836848584,-2.237118856477715,-0.3147710316515473,-0.4129200284462192,-0.9505166719360493,1.2940786383292568,-0.42767812002239824,1.428175455415342,-0.49431849249601967,-0.06756012297042478
-0.39193382598369664,1.5500132454682676,-0.9447664580784153,1.4763995665371392,-2.5622306660403185,4.213808016649562,0.3197810659748266,0.32336149892211385,-0.6774427338532131,-2.8347171940056684
-0.9757565541584761,-0.08164815464293365,2.1145636756384936,-0.2417666359280431,1.5772151237521943,1.0848430878358868,0.4829238752172489,0.7325136146938171,0.22705743265595782,-1.340314454597121
0.2440708563646733,-1.4884059210522176,2.4854303265953948,0.8525197594312499,4.101423785613122,0.27140961172214184,2.9271165898489917,-2.4474882942031186,-0.8567537491657071,-3.114880368577082
-0.836143578889391,-0.41209831081439857,-0.770012350645267,0.608815678130109,-1.4438185104344035,3.9011947950206025,1.7413755276687126,0.36853112790836584,0.8224830775878686,-2.833115454806031
