feature_0,feature_1,feature_2,feature_3,feature_4,feature_5,feature_6,feature_7,feature_8,feature_9
0.37196707562701303,-0.06700674343918256,0.4799969943350377,1.6234800213838276,-1.4909959560224975,1.470075564802376,1.0991506816082646,1.2179271419745152,-0.24096058285591823,-2.3735698283341797
2.0703235888133316,1.4645869727156522,-0.5908281109074761,0.5916671513232648,1.4976151224245933,0.43877996216159443,2.896844948581939,-0.025347274750424368,-0.16228244716741405,-0.3539112422001952
1.1435038758510174,-0.4940636711123061,-0.4248990892028066,-1.8591747145649515,0.3364016642292075,-0.1819326278626896,-1.1017059587937055,-0.6227475600019066,0.6321209472278112,2.8549558083401543
-0.2036968844493514,-0.0421984948425318,-1.2421790697284936,-1.1899452954029903,-0.06309315977685981,1.366014205865405,-0.3062135659107638,-1.1364499386607045,0.5970725610113587,0.29387647142512485
0.6135941911382555,-4.008158725594599,1.3620649569274774,0.24688326055264231,3.232119294135177,-1.6527528470569177,1.974091555889023,-0.505344892200297,-1.0168839855478449,5.648851016193117
1.1944461461431026,1.2068559456234582,0.10878336385396586,-1.1814309931889104,-0.18824238871856425,-1.6224168280265805,-1.7358395476060908,-0.6666286156786452,-0.4943056012863549,1.260369959828967
2.345637427405773,0.4576023692710598,-1.8034037342272606,0.5747631053546012,-0.5144216465512514,-0.10505403617780473,0.7476306737594002,-1.056224040668033,0.02725563236057936,0.2062028272855382
0.6806260966304987,-5.814203319975749,-1.5460923203036723,-0.6950581213695687,2.3601895508407145,-1.7649436613793568,0.18738836218413601,-0.10899516071138145,0.6259704749887174,7.827201540652426
2.0216878122511366,0.7000822131084996,-1.0396339428247796,1.2921913763215995,-1.6595603580201366,-0.0015764179009933876,0.3231620403469906,-0.456104849749766,-0.07777270026441621,-1.2724017948942674
-3.6496208506443963,0.7306957924435036,0.292951833518835,2.5257748365877326,-1.4746445404513584,2.5836810903978327,1.3811787593162383,0.14001448687561519,-1.1647993973691224,-6.5107642814234294
3.592271335693762,1.3235225913765205,-2.0638850467544914,-0.6133629057174774,-0.31715695055026305,-0.5825026174525463,0.05573293877041011,0.7534043708791854,-0.28429011055333836,1.4156328428144913
0.4662161890572425,-1.7397656092952958,0.9311159083909344,-0.4000466066390539,3.2271325208034454,3.097760949445578,4.493674383298562,0.7872729880011845,0.7015384583583996,1.903106834759721
-2.2625263153396693,0.998946572689949,0.9079991561824573,3.6600866566366097,-1.9182112065060863,2.3009844625753693,2.250233411323018,-0.5757777549240405,1.573599639232585,-7.01860900932487
1.417455581505901,0.40307012277196996,0.4631620978788213,2.0789699131786405,-0.8845706639432803,1.1636581123060183,2.214093823211745,1.0425415920925094,-0.5108248188641186,-2.25803621669818
-3.980239064870299,-2.588919919284626,0.7038809278242576,0.1840813165979871,2.86647672325034,-2.1803777425390822,-0.08027834137176884,-1.3254989679956861,-0.06548753802161475,2.1022261128906274
-0.9983523792740214,1.0057183856114023,0.151231072166842,-0.45939001754851083,-1.331503853117465,1.6510029523235112,-0.8041523684517947,-0.5122951462609718,-0.7238037443516702,-2.2930921898594705
2.337167548873216,-3.668565776785968,1.224389286802904,-0.8558556828398679,-2.05208465606255,0.7176142121777402,-1.6792146750973276,1.1494092936662468,-0.5702531928280896,4.145838120048339
1.4367374744142614,0.9750096418742658,0.5924779841207163,-0.5909586293473541,0.9997051542915274,0.20547871249264715,1.0405263224532453,0.00397495651718248,-1.2538048271000084,0.6826209333548505
-1.460276332835669,-2.1270179816485992,0.7996116260562438,-1.645836645289187,1.2862995997555553,0.7619343696646086,-0.42297270286278243,-0.0806288084498101,1.1635258596263263,2.652503585478851
1.0988875903903816,0.25646047463950283,-0.9125077743940353,-1.2951366998916647,0.06455439867649937,-0.5582236849225912,-1.0473651793868124,1.1364705083670374,-3.582062607487511,1.7526968281685575
1.804135595344785,-0.32305388295182413,1.1340005008147496,-1.707848012279478,1.7154987085931999,-1.7063391243521493,-0.46036292610809604,0.8056510328936717,-1.4015298469325186,4.145282154580676
2.776613997481421,2.145241591945966,-1.6683448881087257,0.2979707668625601,-0.31605078218927574,-1.629202931854841,0.0007840895067525395,-1.4169364084756522,-0.8605697894225621,-0.046370999089051436
0.10078553697638182,1.0771659278537822,-0.9189691210547781,-1.713477242705233,-0.4617820114176061,-0.13346280867270566,-1.8710728617871906,0.44051960638091603,0.11867908406769122,0.45753864135590333
2.0679691006317116,-0.3387379527319647,0.7121899185032764,-1.7813875186746997,2.5689382494853095,-1.513073716010782,0.44437139878356985,0.06889361672285461,-0.8634572371883934,4.590915734420597
2.192353280975359,0.3270392425547768,-0.35476852115876384,0.4325814505024064,-1.3206587928278557,2.0274156819125917,1.1705510113610396,2.0531401837412075,-0.27888363747316974,-0.9265568994193351
0.5163128512174624,2.1654263330023067,-0.6284857063107556,-0.38692290323133016,0.4925177447492882,1.4423808272935636,1.3329045714670067,-1.9581754288830124,-0.3488031548729745,-1.8041241003689583
2.5668685632253654,-1.8969655866921489,0.8915212184058299,-1.2247180045026222,4.212771479626662,-1.6678933228744048,2.3454284949281723,0.06205134882299451,1.1520386983137296,6.447885953819919
4.575373253802622,2.616582374259708,0.6518839479369677,-1.3002496787179738,0.26782983714728603,0.8515731053536637,1.2870216155597944,-0.4475971905164135,-0.9950849678878427,0.931853974988405
0.5567625052757277,1.2056496034128474,0.28020554105019435,-1.7470795549124518,0.6842335959592412,1.1658017982423992,0.09159218393414995,3.089889607686385,0.5225100702105113,0.43883232561079377
1.2056307358473832,2.6113491121443078,-0.2970572078727425,0.25349636020524624,1.197718403728626,1.0040812586670829,2.5005281351484605,-0.9762464514545354,-1.0055200145152972,-1.9177362496564012
-0.9161773403895759,-0.33701202130685326,-0.021345302172413684,0.5470069453014772,-1.3727814137086156,2.7379148293660807,0.633075304387566,1.04384544217267,1.2844370527773838,-2.4392350831419267
-2.5864543545488816,-0.5793691003590163,0.4367325555648351,-0.5548518862687508,0.9214696713634002,0.44437312961730924,-0.238972936379516,0.9358688292198426,0.9679737442743352,-0.24921956437012446
3.3097525123569698,3.0516458326419382,0.04487323565970198,-0.03803801486284941,0.6701662585346417,0.21293278500833546,1.9793654841107196,-0.651910035385637,-0.9645679324291752,-0.767340929217125
-1.5316291721719493,-1.6233944999008094,0.17538612453994687,-2.790923314484645,-0.6752546694528241,0.694161038050888,-3.2039985670154514,0.0877150093177639,-0.7731909684866285,2.451530700067499
-0.6850859082981477,0.46136235007826665,-0.6823110722071305,-0.8135828714535277,2.9875284745612127,-1.8971449229735797,0.6122697979855583,-2.050799855994148,1.1168681622707382,1.915560171306117
1.0680278669765646,1.8673334849986905,0.6764786687730411,-0.37050312502905114,0.5663504347840895,1.0512223681841537,1.3213232427224053,0.39164023988893254,2.2123906375910085,-1.050299096346191
0.03906134408847306,0.2495023476507895,-0.9990062325598563,-2.59600596917158,0.7471998977020158,0.9590515969631375,-0.9540461963087888,1.3686296220971284,0.2560798786660208,1.8618248867583942
0.2998705946927943,-0.9338751812125967,0.5771933171877279,-0.3767770672629067,0.3074578500040741,-1.5571127598174919,-0.9975456708537973,0.13378906286510542,0.7533844599846924,2.150616212530251
0.36014167946113607,0.06324269425030526,0.22330233955220558,-0.8566530319716571,0.8997202947369102,3.438316680688571,2.3243679935133734,1.0009326791956683,-0.07550997256680742,-0.3888073850678841
0.6261274359396295,-3.3918530995739165,0.6225313439371939,0.9692871969298904,5.134251836353989,-1.297039818580705,4.5810364797933865,-0.3602768468769759,0.34857074429507295,5.029909170728249
0.5372817276770705,0.9666178090486458,-0.11542030120241245,0.6707549821435927,-0.9585157955564776,0.871439608625775,0.5081856295573112,-1.0344713570175377,-1.6541764402276586,-1.9105026128910345
-0.6317036965819258,-0.9624496360894318,-0.08891259090346215,-0.4513969732190627,3.3717999377692878,-2.3502699894547123,0.8976288983340751,-0.4648233551271014,0.29723427249751627,3.2523099420221397
0.9998170961100764,0.1991581547299084,1.901120731267607,2.763136578673395,-1.2220254949704985,0.3579681433917369,1.8557340391987052,-1.7328736516456293,-1.9640321579709097,-2.638639668746711
-0.19386831754337108,-0.4568115709513372,-0.11540933819978547,0.33245535969575446,1.8597634191322174,0.656755604268648,2.270924287400998,0.40391558131571953,0.646668746583331,0.404911967935739
0.46925371467012733,1.9460159031055908,1.4883946776914283,-1.065928323984297,0.8223054544469554,1.37608626670358,0.9666029822466253,0.3980947793532806,0.6122400149069139,-0.8973819956470573
-2.3331307752437604,-1.6320885786260733,0.028428263711718648,-1.0220785633490093,1.1007116192733586,-0.877068243357882,-1.307076897159221,-0.25998392525270525,1.3963475039118443,1.9029250197800638
-1.257074200667946,-0.48936105468934943,-0.34051204471117696,-0.6208246622030098,1.0810992451222208,-1.4408952903251309,-0.9005416354064537,-0.044005544941825944,0.9585319612986151,1.3695641976062882
1.3400968531478545,-2.6021432130937017,0.14980630694108532,-0.9283078629942163,0.17892543708520214,-1.1690358763614113,-1.1485184164605906,0.8648492232989141,-0.34481513066729513,4.4341466015682505
1.0952196748657588,-0.5252458241392609,-0.9998952922481001,-1.7564429226493659,-0.8720843668418501,-0.5209608946548772,-2.3260639554956737,-0.3416466956483962,1.0859828944453254,2.476228044276004
0.44197448707874076,3.670451819100538,-0.1511522866234305,-0.38808105939650694,1.7741676114670435,4.537229059006071,4.501426107946309,0.6866281919461598,-1.0731785094754698,-4.139829311120078
-0.2542739976030908,0.5267728755220427,1.5990545154786884,-2.857109741911862,-0.12657744894471268,0.6311041006720114,-2.2408013068544954,-0.39719096651343244,-1.9297802318050268,1.5101873784295288
-0.8418798853057026,0.12997446529320222,0.01920596800369154,-3.6213137412086156,0.09298149825807955,1.4762731293824611,-2.3965034411699673,0.8624022887588952,-0.6211380888123978,1.896045259258354
2.2080626640393772,1.6606516796088857,-0.3704326014104395,0.13580327438068607,0.14046374174241683,0.365300947257452,1.2956594352595436,-0.5641148006115946,-1.13156260654633,-0.534372757234606
2.2264832539361294,2.064237786190203,0.5664250279877657,0.6382548386558328,-0.6563487589109184,0.14325486085858152,0.9148864839185887,1.2958270717726919,0.10934057634090896,-1.5085679338786557
0.7385613824179824,1.6027631672079858,1.4041659401003963,-1.005670806090443,1.4322144083266217,2.2284280370017004,2.156207991983115,-0.8814249061673531,0.6502223934069432,-0.6688371869139279
0.4495995636796907,-0.24762366004137082,-1.9053304524509354,2.7894082834142573,-1.7583052112706168,1.302969333255981,1.7779793281463034,-0.7026577451166509,-0.4147023867269672,-3.1949776158046816
4.656437581041337,1.1660583266411941,0.33693433014405205,-3.0967098539358506,0.505531486510417,-0.6139030626685289,-1.056942366935203,1.2571027806551944,-1.3370751078878382,4.576250107903401
2.283642986357698,0.7841613207894067,0.6437753809379322,-0.8169012809637517,1.3547210242043546,-0.49658275015544084,0.9786988642167496,-0.3700632845051798,0.12470690303046499,1.9553703357106806
2.1922182396486516,-0.2200533652395671,1.0142548571152574,-2.713779832620962,0.4255814375474277,-1.0991114438508478,-1.9826736624009902,0.8873823641411338,-1.1314056101350374,4.362632423630462
1.2753636027276043,0.8465963500887727,0.03372310292137513,-0.4083336445249399,-0.2731156980037299,1.1971411035321913,0.613566701455055,0.7723145844407059,-0.13552626897887088,-0.37976366232829667
-1.4432689864800525,-1.1035116299832057,0.9082221265959503,-1.7843244606269943,0.011686716110672069,0.2362249549177562,-1.9313319088075809,1.6004950658110577,0.07964268989389676,1.6398176962961084
1.8728544531505957,-1.0404934810462323,0.2888649470196864,-1.638599526748851,0.54743920361829,-1.521008873615409,-1.3662213327077215,0.461230493586657,-0.7490792166512826,4.2397094710414525
1.1061037943939862,0.9676833475121509,0.9297402248111573,2.2973746571968716,-1.483385140859855,0.12969302270950311,1.1668005208173884,-0.40197097205696275,-0.4910296980779872,-2.8567873057699917
0.9461711876762031,2.1601664894203276,-1.2120566517265619,1.5035002422435975,-0.8469611213785596,1.538500859593697,1.9668932054902426,1.5798297187236197,0.5825450545031773,-3.737265146209445
2.289993512056332,0.5826089150436781,-0.14894729489972075,0.47317656805937314,1.8037125227147914,0.9775502100761563,3.406501576734811,0.122732161638273,-1.084243753611709,0.5131902935749212
1.184216370992632,3.2388718164559958,0.6037041551226275,-1.5632330602391091,1.0685694075738754,-1.451340825729205,-0.6809164447265442,-1.1212013268388503,-0.33578174195413085,0.16421845667879
0.31931533458411976,-0.7092783560961045,-1.3357566625066817,-2.4957333753846056,-0.508812959908137,-0.34936877506868713,-2.794000191437989,-1.6278859389552167,0.6473326855134786,2.917135449177704
0.8690639843535624,0.6815178699341005,-0.8124651836820451,-1.418007133055464,0.9131815379584404,1.259747633026364,0.6999650556705663,0.06225985632933222,0.19674232376570605,0.8302842942124496
-0.27379798117254395,-0.04543900749676488,-0.746927693372195,-1.2089219519885774,-0.36678290705102645,0.27662157536796217,-1.2962820863579905,-0.8244853056535114,-1.1351045212157118,0.668061628230289
-0.6789302870161529,0.5733219852146989,-0.7538915285546915,3.2072693880537075,-1.75864786190292,1.557961261202009,2.0053335572775484,0.9877351010253084,0.4514695865637963,-5.003519769345217
1.305212940506362,0.6412254938848096,-0.4473732498412154,-0.985717468062936,1.4561235949061029,1.267050275429721,1.7018119346422504,1.3854863405180886,0.008588138508182646,0.9258453318414744
-0.020913828196494455,-1.0866851236365853,1.009955496707081,-0.5677736974873537,2.0784877016809937,2.103638780939934,2.593711941209421,-0.24195152465778313,-0.6383032414308838,1.2405741369609942
-0.22888483762284673,2.6288244150551856,-0.543473107253543,-1.7681795560286013,1.242495884462358,3.3477504039320793,1.7938868211112546,0.13999374263643455,0.2853993767216869,-2.031605540597392
1.3000995655897611,0.9067889663625878,2.0737786828032836,-0.47767044704347605,-0.15957188678162437,0.8489811232973898,0.4508158914624999,-1.0798061676931627,0.8611845377637809,-0.1567891215273398
1.4205100265852968,0.28856436747841097,0.8262494226728235,-1.3603116018066412,1.5822842784072135,0.44066417227491717,0.9846314267537728,0.38934239421973693,-0.5828867213760348,2.0529377904606223
-0.4714718875668513,-0.9429552276527002,-0.32489481464022496,-1.653257877435248,1.3140063333191994,4.286545267737683,2.193685187404339,0.16924540481896463,0.8336373968036918,0.5078777155073915
-1.4963413788766968,-1.1898703789662135,0.5273096933995635,-1.531769402676697,0.4663325710527293,0.7926085528897904,-0.9807766203919165,-0.16046355181704455,0.13894280970401568,1.3825251924340463
2.88397710570076,1.0983494754774865,-1.5870337615259915,1.363670682136199,2.0783573896667153,-0.19481861885759,3.92267973486327,0.6588139748838978,-0.7051820240254286,0.25221009468137184
0.9201881669531308,-1.9275461212834144,0.18549100031849017,-1.5497306230219474,1.621534380524864,-1.5185075226421243,-0.6920094670503247,-0.36246763975942536,-0.2945776404999956,4.843329538133775
2.094580723840096,2.1127057981616044,-1.4261137171431046,1.9419745393344656,-0.9176431574444727,0.1479359116709641,1.7770116092418728,0.4570400655963672,0.4029445735036033,-2.841119803790779
-0.17928682005941088,-0.6096296077539528,0.24680931818085258,-1.995066829517134,-0.7525616858199187,0.8117322079085068,-2.004796912548471,-0.4996135932227324,-0.09387455497335931,1.503530455729243
0.9804259536011648,3.009857474788436,1.3207501278261604,-0.01257948870246628,1.5858564391681496,2.054838756470168,3.23173333982367,-2.5467321117621853,-0.4060006639084922,-2.5065507680342947
-1.7728091625467013,-2.3705262903297966,-0.7929315499398801,-1.7346904812900994,1.908527041350225,2.538128351538042,1.0475490536898502,0.10131028322125178,0.44339795063605675,2.186475918506785
-0.015912651533914746,-0.36312416387977164,-1.5256179282982496,-2.16454269891968,0.3449447444752407,-1.308335386614438,-2.4170659804077124,1.1541362365280234,0.6372914550139895,2.9088944041203026
0.5418399999223584,1.697528902175395,-0.8295075588820175,-1.0384941746127863,0.3014367211066823,1.0489576137113887,0.32310173538322906,-0.050463047402838246,0.6103736997252854,-0.7034049768064615
-2.452913162701528,-2.118252785505879,0.9197484789904266,-1.1704985560219872,1.3975795876601929,-0.2618264085260984,-0.8611038216898812,-0.11922435626590437,0.08270000363857032,2.224005689438914
0.7882450369618503,2.322242753495058,0.6420255015353197,-0.007816344503505657,0.9338073229117682,2.4493478011609335,2.7832183758550326,-0.2850308482748619,0.38427883498595106,-2.427230937352689
-0.9997490743744424,-1.697602319952844,-0.954457012652753,-1.5809365470782435,-0.06912134550532456,-1.1971333187045854,-2.6253809347470534,-0.32074638863455823,0.011925980771476226,2.8645728578888554
-1.8683058955212917,-1.2292843878315496,-0.17516373577895686,-1.933934286380315,0.1207748890617536,0.9330133558805641,-1.6730941841151006,-0.09189562541568821,-1.0254636745111536,1.37110317986708
2.5753556432455316,0.5429686916015803,-0.7711349672336278,-2.7786721427576158,1.7253451120229006,-1.4410145498826437,-0.9061362599462099,-0.006048518639085177,-1.499867639262517,4.586285980875481
4.074316666719626,2.6314821031815194,-0.45649729846836173,1.486735201317854,-0.4845575020745587,0.05825635071155544,2.3796498086389177,-0.875360361084797,-0.7247684582454739,-1.654052298209359
0.8934198961103244,1.0857411623249047,-0.42632681486826046,-0.5226502493423995,0.18893966566214382,2.6795456287549646,1.750078428635237,2.0877459858751446,-0.574590030688042,-1.2134332884306773
1.511935627942747,0.8402842891611901,0.2086634832499152,-0.11109531504246428,0.10861769771340857,1.4280302419716109,1.432305846366376,0.04932483669955933,0.6034810103015367,-0.4684622639878172
1.2734261567626524,-2.843077992031609,1.5756045591557335,-1.434037732847401,-1.35912502044404,0.056393508833227246,-2.2441217600674395,1.3241852371455578,-1.5462779189814124,3.9063420859957887
0.6263529057641883,-0.6098995765684516,0.8209228791097093,-1.2769802330177857,2.530332659458413,-2.3121494830322002,-0.12627141762421196,1.738397194049411,-0.9772376887147608,3.9871938757375687
2.919984862567293,4.031797953591704,0.9110273089999276,1.810044954167373,-0.7166471415697239,0.6935104705873757,2.589814496530532,0.03647217665420908,0.42108499021980617,-4.1730095216577805
1.5424295587540575,0.8053134166036261,1.1208484436478086,-0.9884497858190286,1.2783154794387006,0.29302972741391053,1.0205415500710493,1.2243816701175614,0.8227173745004389,1.2943144278526286
0.8217518521898677,0.4555996155468265,-1.2782626292575752,-1.24250499092868,1.0906626495058083,-1.1064173550560692,-0.494513790808178,0.8949874360948074,0.27040813420804877,2.0189794786280943
1.1655431515326278,-1.432565953939383,-0.660028148910743,-0.7727362379847326,3.8648910689774416,-2.404560405704074,1.5593625536223954,0.5494295074357635,-1.2290179365531857,5.112476830495065
1.727100413775089,1.3085304134603704,-1.1412362168447279,-0.495054061984042,-0.4135009186528288,1.5631542094649564,0.8182041470868918,1.550630593257668,0.5140481406864676,-0.69747147779679
-0.1782924775333985,-0.3167860152171531,-0.3872493659789524,3.634154290093212,-2.418721380506808,2.0947580690448353,2.2081039800657374,0.26669978950207235,0.7589443197586707,-4.806615289797491
-2.6729317025178636,-2.2737587497851823,-0.15093661684399282,-2.4092228522465313,0.33427603848639287,0.7021470627727204,-2.3716694041005426,0.03649993182615992,-0.42207188508969595,2.466094305987734
2.4271809282656074,0.6725483106903193,-1.475411401094023,0.43154120861016065,-1.2426719321312214,-1.0602648579189795,-0.5832427800797815,-0.3771178736934479,-0.5104422067665509,0.353593123910278
-2.3572143751463934,-1.3456276866357058,0.6331686033160521,-2.190834198820694,-1.093999575423771,-1.5650984483290022,-4.705928560369818,0.21559968370586682,0.08369939861550929,2.1415440487411863
-0.058717814161548976,-0.8112101196297865,-0.40238269752433553,-0.1592895458965855,-1.3417907876258068,2.4303076658874554,0.09087912699413067,-2.22878826602625,1.0931229758819565,-0.7998963164415352
1.4183704692447276,1.1157995908878129,1.2749773820208183,-0.4279096724811815,0.517412710128533,0.6694799009113566,1.043140151539148,0.35502561793492887,0.40795690975064797,0.012838840607326983
-0.0870226491552204,2.05535984021547,-0.25291677271931917,1.0369176132267581,-0.8331392407058348,1.3480774994144733,1.1212777530872433,-0.8232960692577094,0.8267029743814807,-3.7002171658169316
0.4966182891306594,1.691675776704012,-1.24574245023367,-1.073190055218948,0.1777219727368986,0.3958489134329156,-0.23963459919958252,1.9499750409961005,1.2932994952412589,-0.4355529815831189
-1.2368453230095238,-3.47141605981575,-0.7707874030402765,-0.37459403084518184,1.5967554096254688,-2.33727146824421,-1.0033029220204557,0.06926988117587513,0.6330367262505261,4.428487734054291
0.14264420080280849,-0.8811167174853289,0.5058731822029173,-1.7700216964098128,0.8330195616144812,-0.9501757612650283,-1.4028047076784818,-0.6108677782071348,-0.05433647974870458,3.13064516130584
1.4014237270705905,-1.2287547656999813,0.03752326159319303,-0.9961397156031696,1.6651378195823914,-0.5577852134746832,0.6314456311200535,0.7526995710756373,-0.19155715846824467,3.5733283061886345
2.358042097972232,-4.4660203102669005,0.7552429989905723,0.5739227588282174,3.25878126893375,-0.6290613811518135,3.43576724057449,2.3402964980453067,-0.5174865483256956,6.239422903915439
1.7438016854042733,0.32498397645186705,-1.527041060820457,0.08669440799936412,0.5507634152305034,-0.5140059852391874,0.8250646046501534,-0.675087578960491,-0.5469860834554389,1.008898605284861
-1.447875096004502,-2.413482144488095,0.2530084866777919,-1.5529884205995874,1.738967377597135,0.9380099719443337,0.15569172482566832,-0.056014671833671356,1.6341410088854915,2.9209018592532683
3.7386948766870636,1.446581363351919,-0.36410622138921245,-0.7677617954763845,-0.8516285310972935,0.4028919461306506,0.11144408792305227,-0.651807378073709,0.5332736027835934,0.8607615275747813
0.5300470852327733,0.3932123517349896,-0.2799245423220071,2.0571542225533808,-1.6242785350635192,0.13857252445036616,0.6115663836280051,-0.23595548602317878,0.17777813858498578,-2.5030203913568907
2.8322479653551618,-0.6495012434657496,1.9815242670826692,-1.5470705425833318,-1.3131979425412594,0.8937964335193582,-1.1196991929958051,-1.2235671854750108,0.5622390597582658,2.5117269060419782
1.8510836852576729,-0.40919394124176534,-0.39092305952474016,-0.5929876551719491,1.583823021569131,0.3563755743385725,1.682413973513194,0.8731831407786059,-0.27460232652043887,2.283428453143587
0.7429717737819725,0.09663674802026967,0.41547515150624903,-2.0445952029216823,0.9622142291715411,0.5716830145244995,-0.31298633125099695,-1.8688030582824706,1.3091366419632775,2.1588605095378886
1.5167792605403818,1.576418466786199,-0.04025289842082823,-0.06987153852459227,-0.8823537611183315,0.6291114988160669,0.13859616215026432,0.6694161911868851,0.9813839922750334,-1.1541179614270016
4.175219206448558,1.308362094250413,1.1954527117529803,-2.8607575264125638,0.3913600141464624,-0.237808719292409,-0.8614844384136132,-3.254478941297708,-1.7984139213578147,3.7737315931039244
1.0830358554444994,0.5396071422360639,0.6141129671981066,-1.765862302174281,1.358686355203346,0.02391989317892329,0.08481809420070677,1.223931818468504,-0.6852505475370957,2.1083552936689536
0.1514885576224676,-1.0802089491131437,-0.14224842863978576,-1.4171861959651277,1.473983505997571,3.256673538180554,2.0869921154662205,-1.0902350801857508,-2.1293270511692226,1.2963294046272507
-0.8092532501582157,-1.3988737846090578,0.1270685733595555,-1.6822624564317596,0.35524869794361824,0.45782440447602546,-1.2185528367253553,0.7407563785031073,2.4609962258425813,2.177624685527902
0.21884372075915504,0.17712823637669528,-2.8323183184692535,1.4710802953959956,-1.6045114764550366,1.7961292827209066,1.0383192483055266,0.021729490989722763,0.02846344841915499,-2.7348539928899904
3.3862371326586445,-1.271841924705207,-1.362194891382653,-2.094522182242727,1.9059771257461526,-0.810557576342693,0.360407147986077,-0.06362640381960291,-0.6887241565242733,5.8192592656950595
0.6460853607622102,0.011864590216369097,0.4901815174907414,-2.173845598435145,0.725049940299656,0.8237783493336484,-0.5180897420652818,-0.055733939893613596,0.11544263616427654,2.0884314366552728
0.9914756449677798,1.6072726679591252,-0.668876034443013,-0.5537644087910023,1.1980345471653073,2.10217636365374,2.3398903618184494,0.9118317785133704,-0.3008720453915249,-0.9548504087741155
0.7700352477990657,-3.729160692055976,0.7039658051286266,-1.068403750326305,2.526746574001219,-1.0025121522155274,0.6749532296591614,1.6527489558168793,-0.20210159393183622,6.0496023773786645
-0.09272056652855287,-0.2326398454425065,0.4837788340027778,0.5198999902694876,-0.969957783806657,2.0917052141485946,0.8366543383003584,0.06812285014065171,-0.2224781332998583,-1.6204074134479034
0.8788603980687696,2.208717833909815,0.18344657621813534,-1.0232341267990293,1.4832688539340015,1.826024687561437,2.026637138539391,-0.3906365307513523,2.8334956118942727,-0.9121992570789368
1.9835577181693957,-0.06872983499056207,-0.41760596777187864,-0.30051235030707735,1.023027649132663,-0.19909234097833317,1.1547300905899363,0.44162864841891597,0.11072343418649651,1.8489892372083192
0.9666684786680076,-0.15020398869956653,0.9997148032654405,-1.8829894537301048,0.05372327925983644,-0.0255538487674416,-1.3083378570597985,-1.2039381307977697,-0.25197318715848965,2.2976690625299567
0.0643223120630938,-1.881706900668791,0.24100025339724565,-1.3556602779656102,1.5553761483854962,1.6112474945596302,1.0998252005098526,0.7302838193069643,1.0699134354109718,2.7034228100968156
1.1251003879276742,1.1781238410530122,0.4935160352028783,0.7908798796771749,-0.614277771101948,1.3470199513234653,1.4195150890495365,1.3573246619264427,0.9660407980573626,-1.9811386216962694
1.6370254206456631,-0.16292593104125075,-0.25204912463485596,-0.29263853599341705,1.2336503147448579,-1.2065713195418257,0.606374018435834,0.5375171269731426,-0.8211597081953365,2.287159710731297
0.8197841695933978,3.4542214237982076,-0.9545493108244777,0.07447398263248028,0.7622029887998376,-0.35599007613378886,1.0493561742160018,1.3244826258410702,-0.8183374833362531,-2.250211593616704
1.297463982689561,-0.9345640688715748,0.7211195208758526,-0.8583081806602972,0.1202421382234371,0.15708136799055494,-0.2006744949959383,0.9641787733834252,-1.9730149999848399,2.2313337171459002
-1.3132187380392457,-1.7590015055807346,-0.43081760238819583,-2.238266924250622,0.24602925035658174,0.9884398725956218,-1.65535688454761,0.10748571833141884,2.5656515748356306,2.4201626109700993
-2.8254457531159347,-0.9463833619331213,-0.5549993881142102,-0.7025945215894107,0.7620209256314929,-0.5291381045621706,-1.2202518868597099,-0.8326711530189439,-1.1945375070362523,0.4690171486820949
1.4519675918472756,0.33882447915972835,1.0075806827627332,-0.9335217112458755,0.40032086991403404,-0.9257885878173928,-0.5432322931134147,1.3380271627819205,-0.4822722102015164,1.8524294557279202
-0.7266259802825226,-2.6476650448030843,0.8458511844690035,0.5785272011148903,-0.11891834364057163,-1.2384620434168856,-0.8074208987058883,0.9012067804923081,0.37444122445183187,2.0008142854276807
0.14471199842009674,-2.455584819465942,0.3708302093362092,0.8260902188998662,1.4857217036255372,-0.7182188835999381,1.4617506922039103,0.7840560382503569,-0.9824881228992801,2.437408148521448
0.8810576226076142,-0.40882876030930626,0.3705984139802113,-1.9689585755307744,0.7635377419018796,-1.750473602393139,-1.867118786608314,-0.26041953315253874,-0.9556381846942431,3.6202731012703406
-1.6097895145718268,0.05723410964866216,-0.7512555936946737,-2.104517604713321,-1.4492507765595883,1.0001040020619525,-3.0088520094359477,-0.8396916603612471,-0.4150446004376347,-0.10420563583138319
1.690830426193701,2.5424566634759675,-1.3854093918181294,1.5638321226178324,-0.30077894043141684,1.5591348081099552,2.7867458447601017,2.098732354050425,0.14115541469119494,-3.5386583131648535
1.058422188664633,-1.6999520976464901,1.0730209948036222,-2.445341231722561,-1.6328326954825703,-1.6580416000467195,-4.416416503138054,0.057351269979681666,2.2182669931208663,4.337324890921055
1.9459791735870087,-1.169638801497304,-0.38968064229955557,-1.1959728525546949,2.251516520900766,4.273995353981023,4.170701895016236,1.8968891561650703,0.12404180777202144,1.9592299699632736
-1.0222861418851057,-0.8604468202185782,0.9646017573036937,3.0441668828968074,-2.083407613337773,3.1290495534503493,2.3331531372167866,0.19300819033204694,-0.06697235972252169,-4.621021673804001
1.3991691386310354,-0.5626113340696408,-0.7810089435481842,-1.9545665392467506,0.3895333555437057,-1.9025072197378279,-2.1330847238743353,0.6725196983410208,0.2921972948833408,3.951998372803081
1.114348241704059,-0.9000932844532232,0.4079971272497635,-1.395528211928334,0.48896142497358364,-0.6895360599810672,-0.9186645971412338,0.4008231637352854,1.1683646329483,3.094532899927713
1.095462674646595,1.4601850229246724,-0.5660145827367714,0.9366337472840516,-0.27001848828062025,1.620097334140511,2.0372906259771972,0.3160681424016308,-0.34458653573463344,-2.3715010764897047
0.5826536179194955,-0.4026057145127062,1.5125307023025507,-0.05995684141237678,-1.3820361737564646,1.467404114220894,-0.22507839637222216,-0.13926870666758576,0.6572011012960537,-0.475199080660299
0.6948662663392268,-3.9015705156914886,1.4696805972037168,-1.1221642873782351,0.24013963974875996,-0.9779583262016566,-1.4457247720126525,0.05157908952637019,-1.1225480905044163,5.346629953918684
1.0163003378593238,0.877294957544811,-0.026483628288828647,-1.3620716111166087,1.229364923733069,0.8344442836428669,0.8288243418823579,-1.2447668741691826,0.7548991665498829,1.0015522224458915
0.4990892487208962,-0.5642494706981329,1.5979058601964082,-0.550621585264677,1.2462655048897977,1.1981843050891166,1.5016782504096324,-1.251606656972313,-0.825800250087814,1.1485644389708878
1.1711209063960244,1.233295629880636,1.3054024262651662,3.3739087381853166,-1.1004385833358925,1.1983143898734356,3.1514967140928096,-0.6960201616009518,0.5681840033403978,-4.336204826296188
3.6274142381481407,2.4404783471520313,-0.1016358477290527,-2.4700832428345945,-0.43761628702899313,0.7152841758447952,-0.7594514710033232,-0.7270995401759647,1.0530000272987408,1.388920166850942
-3.3132042692910697,-0.8389185273267034,0.5928122348342871,-1.9335218246123662,-1.51700530763967,-2.0418199666371555,-5.42257588639414,0.07701399598375747,0.05236289720326181,1.0243922559532186
1.4602469400912967,0.16947375606024495,0.5345436134561904,0.9801349723048663,-1.2682377560256073,1.0612971838454524,0.8478043387774561,-0.3413098462098483,-1.0935322864596728,-1.179027590442103
0.5669364932513206,-3.3433738888473683,0.6500889080816444,-2.288706607306924,2.831622334647663,-2.5922701264490646,-1.1357560960660464,-0.18491271887619062,1.6527497035142258,7.497423520676544
1.0719505023181108,-0.8485216547437117,-1.2287452557521887,0.5750385215040936,2.1514267706319794,-0.019493476321042702,2.6920440217422392,0.16238318513304686,-1.4052818872548896,1.6414700269829858
1.3356964350734208,-0.18650939914147202,-0.6207337466025566,-0.27070740190226783,2.1936040759930706,3.9663580426401706,4.612442722073594,-0.35268489899558153,-0.18810287554505153,0.08630343147569024
1.736338489067705,-1.7142926623275851,0.7536938995540108,-0.6410566878991509,2.0345438000061478,-0.7481066952139805,1.2214767216294098,-1.7305061086190907,0.10312183410805609,4.104314385213697
-2.9901672163551263,-1.337484298230089,-1.107852819556511,-1.246604010405867,0.4720607306567639,-0.7717541181384804,-2.1857378340218525,-0.5968291881157131,0.5349706723637695,1.2009505467031336
1.2426198255293701,2.3591856177366344,-1.4251777645007055,-0.8508981319464344,0.3563889975102228,1.7620986337737183,1.2513321395550598,0.624287956648842,0.5064207749970311,-1.3900001780756157
0.6060859123357154,-0.1635032475831787,-0.48984194200640596,-1.2203007835403972,0.7291980671955864,3.1781881956606206,1.7540040851778695,0.4768135950246047,0.08134888334676436,0.3133951706308879
0.6821736323792984,0.0345783220956718,0.6187258381044658,-2.2129350727781008,0.7978458657361711,0.3533041019372912,-0.7666231330207385,0.5117789786504942,-0.40666844187691986,2.3663798255353816
-1.2071797729330154,1.3392744153016911,-0.13438106818006249,2.671687018033817,-1.6083983425447443,2.688753312474816,2.271204092541597,0.9050665483595475,0.30559812717284496,-5.974715032186684
-2.0372686077712,-1.0278373475838594,0.5563090120364924,-1.6312210043210076,0.3391026363162002,1.268592623239606,-1.0433257830505354,-1.6297331652461955,0.4561216587523888,0.7675336282299123
-1.8943218045947385,-1.2508536745729182,-1.1890220592259844,0.2766521191206459,2.1454610039051003,-0.6563244774754367,1.063248344810438,-0.16683791140476076,0.426046487244996,0.9686083119460235
1.435502456990125,3.516093236389713,-0.21768565950112867,2.042690188229057,1.329024974937317,3.0843503215214048,5.60898658608745,0.31980971023991756,0.3617619921038501,-5.052771069606856
-1.843937898532409,-1.2698526777800898,-1.2495559027394803,-0.5360324782223399,0.9932394716219276,-1.6569646825746829,-1.2852905961751113,0.9742622630864519,0.6212544539551925,1.7457242362855898
-2.343460098075867,-1.6181337839521575,-1.5736295710417973,-0.7540595910768,1.565136346120539,0.36031407778849045,0.11104586785382295,0.17454305995310215,-0.26829817705805487,1.2536334243244052
2.6630436511523765,-1.2655771716532005,-0.33394559630536247,-0.5678801003071781,0.8061986335317128,-2.3301330399526403,-0.4760781200582825,0.2128198468830529,0.7160457490404942,4.412829942530015
-2.040895022479884,0.5251558143750978,0.6696226323802841,3.57884932260429,-2.0426287800586422,2.1709254334128976,2.020911801866671,-1.4561120964789676,-0.31861624222723944,-6.395408801550566
-1.0846031345890828,-0.33890715136526384,0.2933435419272292,-1.772800934161396,-0.06837240219610252,2.57208052314719,-0.3665119050955651,-0.42306060102577947,-0.8638659663957002,0.027621482810091507
2.1796205005165064,0.9442957746788034,0.1260623280034051,1.602553857256518,-0.9568015446675231,0.23394918965058975,1.4385867599618545,0.2855558895403972,-0.6163654291823402,-1.5197225253361313
-0.3658978164007012,-1.7381582042775434,-1.7152852174529993,-1.211440694723376,-0.38900927996308754,-0.7685235730375409,-2.127623374144824,0.20112345870152593,-0.6957191244670857,2.603041555771016
3.636341932854928,2.4744485305551294,-0.9026885938220728,3.31112891952983,2.7427040098521616,1.257787314944802,7.456969913096969,-0.20931661662150006,-2.2694978644974095,-2.670026744089165
2.6470184862822217,0.5285558268099204,-0.8400600355418061,-3.717316602662337,0.4763519775456764,1.6174868920930567,-0.915236624393908,-1.2254884792188265,1.4063704050164938,3.559770474516759
0.7626591277043187,1.060074605517396,0.7600229424410341,-1.7409375136691585,1.0414324054322615,-0.4718557156318868,-0.5486665526323059,0.061156459935711685,0.7243545112656794,1.5653571828804331
0.27581903321239,1.2651364692181137,0.18010546746541492,2.4336868715946967,-1.9092638998944906,-0.22244454370791544,0.4439017392576623,-1.1010330858836441,0.6245823093172438,-3.675825830555809
-2.2782420426126917,-1.3868236848856377,-0.3301696679409411,-0.25305713674804087,2.0464383638788735,0.9229204186677781,1.3666599456914597,1.686596136022188,1.7141834666243372,0.5705006251581834
2.7442389430842455,-1.6525684113468846,-0.5728225235804407,-1.5587016992104825,1.0870125795761507,-0.8549347271159065,-0.16903074302802726,-0.9242320153191936,0.6993003997179001,5.071404325713745
2.697156790135978,1.2025429052173158,-1.1252648898076598,1.3568745334970658,-0.8343132276558657,0.42183291438872916,1.6354817484144173,0.825954155620064,0.7616721862950018,-1.3042421135919493
1.785886086172742,1.9650774004234464,0.5593373245276719,0.7420143730351675,-0.8610929532900631,1.6171367133590637,1.5925653438608542,-1.0253338905324527,0.6401696361230503,-2.504157089372577
0.23238200379668028,-1.1104057622416597,1.450087042175752,-2.361491809084539,0.8440051601095524,-1.8943378383835747,-2.4836612876310213,-2.0630118115008154,0.8627049219900169,4.332455312987323
1.5211922619309695,0.1289726001739675,-0.5322617261715757,-1.4950035511527577,-0.370090945998824,0.19050768391142348,-1.0208975194711174,0.08695970203716943,-1.001621865490398,1.7535896837397273
0.5267467908919592,1.3076754794886836,-2.4241506170373057,-1.9500844224059257,1.2730848525771432,2.2679917430887593,1.128798213917048,-0.32768654132878167,-0.23610401091920757,0.2143220282674208
1.1656116681341973,-0.10771229372235536,0.14564912192963253,-1.3404278937529757,0.0618261158188842,-1.7217423344161058,-1.820609779895042,1.2051177396144506,-0.4444775331910273,2.6897406366524645
-1.3111471422990666,-0.6239992325456577,1.2907055153121305,-1.0372447181148436,0.6640993863337423,1.7660482123775867,0.33404775183221547,-0.7717096870583702,1.1764904376350318,0.17523452360127903
0.4386622203641424,0.4631074741011141,-0.31356411297056463,-0.9962577064079017,-0.16003944584060004,1.802063564217941,0.2879786181338023,1.1057145758432931,-0.3177902139123112,-0.2180215535715091
0.37893954044017497,1.6647710079961922,-0.4008739562549743,-0.8074444033694563,0.7116627911307981,0.9936936571123997,0.8034958717402021,-0.8155027018702209,-0.5034623439010585,-0.7811839898944527
1.0617498642663745,0.292654043278499,0.49537981532848707,1.778152641501047,-1.7545837153968464,1.363868742507023,1.1759892681428152,0.37140403442303077,-0.4463320787671849,-2.5076410983286075
0.5537390928321763,1.2061264245467775,2.3391289515689104,-0.903037706316091,0.3075308663556904,1.4774130162456236,0.6793488089878394,-0.9952966937905094,0.24672138869860635,-0.5729100060371339
1.2434164061336646,1.1538764883011101,1.880803518793316,-0.005721679890651421,-1.0041566590221855,0.34991102707229904,-0.20753909959894412,-2.2303204247730286,0.7051733219097177,-0.8948892883970261
1.972733007541941,0.6323938936559756,-1.2949773886349234,-0.7095005396483807,-0.06755835250906794,0.7047614954488344,0.43388702064105755,0.5162649162799985,0.5823769459527517,0.7458075295813348
0.5082122333106931,0.16520667086459562,-0.6493103753703896,-2.58004570762776,0.7288756523157356,-0.3036882140568391,-1.6014622029889372,0.5983980076204188,1.8342020358562743,2.75196913231699
1.650153066814449,-0.6921645825876135,-2.0492057703238418,-1.6104709775700061,0.11915723260843014,-0.8760804925318662,-1.3682692356029373,-1.3025774789535371,-1.2855045230279023,3.328569338258064
-0.7353375647731603,-0.7011921049586911,0.824451800227485,-1.399764181233956,0.23693833117463114,1.2127499845614993,-0.5327090086500079,1.03619775101211,-0.03994211358386429,0.959680159758324
0.45993881571167583,1.3811401423736414,-0.39998202782890996,-1.3680678402386552,1.2882416089519393,2.8364815094841402,1.9862582912668756,-0.8842890029883183,0.02479863462860666,-0.644575925740586
-0.04802598276337622,-2.0552393387728456,-0.5379748780811123,-1.0293148614779613,1.3867448130429576,-1.8737371923611668,-0.9878750536960752,0.29305109092155524,0.9308745119372439,4.071537939736386
0.39212035303686776,0.5902030612871452,-0.2287985078143456,0.791656438691001,-1.6064797181664152,0.5277282621298321,-0.25712785933059534,1.4303627991183554,0.6650224694439736,-1.8386455309018752
1.1377139506434142,2.563731366467087,-0.641146634452866,-1.7258519414791123,0.11395219678573865,-1.2509599718167883,-1.6202671862449791,-0.3163355447400646,1.797733840577358,0.43125953920694143
-2.07579634175021,-1.929980674872489,-0.591301446696538,-1.1757370664171787,1.0466669754004565,-0.644386672453181,-1.2854472871334512,-1.5796274525551757,-0.11676399778157646,2.3088378427678795
1.2357145849889717,0.062423553788426456,-0.1379112517114806,-1.252587537000601,0.24724623124368017,-0.7942521236184279,-0.9650487637542859,0.6803837384236716,0.7665513543377717,2.1390822603564055
-0.052931938487129404,-1.494807149991049,0.08910076670387657,0.34134488158490517,3.6644697800874284,2.7687958768169816,5.179551222159288,-0.17905877605114642,0.9491491616748444,1.0873154326622934
1.5895820540140648,1.9859394531382328,0.7916542060935255,-1.361424988724019,0.018181245418372072,0.7613477885363027,-0.037659047565837156,-2.3686912068521586,1.0197765271882882,-0.09638156735530687
2.580644379670037,3.9429694517077865,-1.4895313533802972,-0.6730782044451251,-0.015134333316985327,1.0304613572068315,1.1598917034699225,-0.5893905948504429,0.3785021489175206,-2.0372522145218386
0.5740967927010682,0.6325819027978814,0.011095220319579394,1.5475858371938982,-1.8373895250080499,0.3590679588637341,0.14746197618141973,0.5011712644886682,1.1672090836471585,-2.436358632562292
-2.27992811809232,-1.7454331391535525,2.722948687724303,-1.2386949042959634,0.7226450204224446,-1.0283958965655815,-1.9205612956208955,-0.06510053875530415,-1.0270155882282783,2.1476051017073465
1.002883234456785,1.586893826364281,-0.7848762463576265,-1.1714957721045485,-0.3396770375840946,0.4398237852973209,-0.6100443982969311,-0.09785077021512495,-2.563953967979889,-0.20121599792402078
0.7889355606965107,0.0870706740648366,0.010636268348681152,-0.25194864506600345,0.7039725966822592,0.2396357593371864,0.81830417726367,-0.3684498753660277,-0.24969417246679382,0.7100741809270901
1.2440446060090946,-2.3632867560358797,3.276399345113,-1.907142592887846,1.3053158195922605,-1.557218286112128,-1.2411281336640185,-0.8813146623227437,-0.6196364239164643,5.610592566362863
0.995411610876172,0.17916314273103118,-0.7618756289717585,-0.37929939598547113,-0.8780269511908115,1.5266786631198304,0.16176971063743395,0.4532545012857709,-0.9538890884133122,-0.3383086646453241
0.9733632258171426,1.8872018951898122,0.3641085442426688,-0.045569976971084336,0.9662438178462057,1.1512697387538022,1.996256316743213,-1.4107996936270562,0.6012579620436355,-1.2950601154731627
0.7420519469262048,-1.2426781977972494,0.03249986288786191,-2.660669178618024,0.3989245331035213,0.3007262923328199,-1.6245675482217776,1.0611942762765827,0.4833248272528027,3.7945947485429645
-0.4734689050089629,-1.0348859923804403,1.3776074471743054,-1.0599787945623804,1.7364896835233152,2.827505239832308,2.171381213474247,0.29188002611631647,-0.6947814747351656,0.9130964993548396
0.2594636340208929,-1.2424343146627765,-1.635579026816248,2.307357826914207,-1.8738223328458257,2.6095173215606944,1.9338218642879832,1.6589403034315653,-0.07541318090619945,-2.6466732439962155
1.058155377816807,-0.6466759479722508,1.3009415130316988,-2.240856444162068,0.6517429846024299,-0.23466573031937443,-1.2214326822921175,0.4614248329585187,1.6181924894390771,3.4148595784628806
-0.24449005440278815,2.6405959491513444,2.0361561863588413,-1.2106796365655201,1.4171125146424164,3.6496130994642657,2.6185738012852147,0.8403568239355511,-1.2743851344689174,-2.6042698655764527
-2.7274563992612615,-1.8366135250604247,-0.9013697148422457,-0.36360872253763876,2.312431873528081,0.29750990724977955,0.943656827835608,-0.7239081891542735,0.7333482326890381,1.2152745362162467
1.0884840208086568,-0.6028969200222148,-0.4214865358515187,-2.291771233980852,-0.7455157439982047,-1.7538710210332162,-3.453225750563609,-1.0730552296239266,0.4919090174272401,3.6205475026785083
2.360783475832648,0.6429346142433855,-1.3905948609320575,2.615315270327037,-1.0760488926713234,0.5683881336673935,2.4532819851356344,-0.22873502625875175,0.7131723652486122,-2.224612490578244
-1.4156482142451101,-1.581581355758705,0.03438182225793511,-2.8779629927763493,-0.961104621576355,0.2663834746105712,-3.762778233907609,-1.5955672462222277,-0.31441478336677503,2.6429489370002606
-1.896012240557242,-0.8907251350172432,0.030675176070709104,-2.685243537816051,-1.535738475979986,-0.20785196152742902,-4.505756465694818,1.6933256357403823,-0.8717747409692631,1.6132981340797323
-1.3435105980951731,-0.9890875512674758,-1.5122979916839956,-1.5949779235882535,0.5567041357426552,1.9150085155348755,-0.1917639663687914,-1.5066128291433938,-0.7134743181070387,0.852623145873649
-0.07713094911663387,-1.1609231554919832,-0.8729832613505271,-1.0571132467608604,0.7966498316147376,-2.013787649132177,-1.5699156025158953,-0.1175984526581316,2.311259004942879,3.1299591389517816
2.317805802333795,-0.5194194354011548,-0.3808130321457192,-1.9113036927425613,-0.44855855452749194,0.5599599022090378,-1.0203456233306374,1.100663944921611,-1.4471735937410677,2.9115149843219927
0.13568475415194836,1.3373885942478216,0.7933493236860584,-1.9672874692280178,0.7994427786333413,1.9451884552312162,0.3663772115007499,-1.314170759104837,-0.4215940625576031,-0.03217625421574179
2.4760950066818626,1.0341846097320706,-0.5375769410007443,1.2559400774704286,-1.716944558493604,0.7760324748281253,0.8936037150085177,-1.5474221283691512,0.13883208271781333,-1.6784069080042094
3.1702174799917096,-0.5092911985027784,-1.6195560287674053,0.6269651763411577,2.149753736291262,-0.9518659697935257,2.8435193327833495,-0.10652910519408314,-0.29550228953308394,2.844861609104508
3.0735096757134666,-1.1747247151295905,-0.23676055803754095,-0.4196487437146251,1.1845653367846383,-0.31907727929635077,1.3815549016668458,0.9839235372444523,-1.0585682782565227,3.631258358773089
-0.9271930775916288,-0.9032751945031093,0.9025329600753249,-0.6946211356547779,-2.8581874177867834,-0.8646192093980692,-4.068798208066691,1.6078543368082463,0.8088204022778498,0.24329169890945307
2.2833160785375064,0.8318121174672981,0.33121927873852836,-0.03645762340068104,1.8299399923880455,-0.9297831376960999,1.8163983606887537,-0.6446759511634916,-0.21964501553375446,1.620330504092597
0.3532780037488982,0.8937003230454591,2.3210039960618047,2.3816991589023973,-1.4702380949680232,3.079843977559452,2.846085217533397,0.4805186781082244,1.5383304390525525,-4.6281527105936835
2.076057407345729,1.016262398983637,-0.7687182605183653,-0.09276374216597905,1.0594612223999595,0.8648407535290712,2.1424721491612173,0.01318026088668942,0.1077481346260674,0.2749618983636914
1.961199543419562,2.4607277723311816,0.620148780415464,1.4595089743489935,1.1186444485153546,0.4553210284306173,3.3618115161915103,-0.4869763001880067,-0.15857009234621902,-2.1919992605963086
2.4806078551732478,2.0404761752278446,0.34257183153145665,-1.404880493583953,1.9513453117455113,-0.36582010452202174,1.2432741032401964,0.0694916127196336,-0.06109732956768189,1.6094846402541847
1.2021884045865576,3.308715239753405,-0.034665569737606684,1.802148765971113,-0.49858269529628485,0.2057811917971314,1.8770875883724811,0.5032602265255054,0.22036754883800364,-4.130858713854399
-0.5795711582104839,-2.2408344028967244,0.9391589131441815,-0.946315441830732,2.674560006542092,2.4618766310859046,2.758819255804592,1.1132723127393924,-0.5782201666209199,2.350126708314212
0.17642676051430417,0.47891900425725664,-1.7164831767444462,-3.025382292221875,0.1362679631480317,-0.12786404185579414,-2.4913235703190195,-0.7379585563250161,-0.576601776742971,2.3766235583203716
0.8051611140578344,1.0903889848788986,-1.4619937798268778,-1.1768881162492966,0.6080921578734866,0.6596866827373505,0.272619001896302,-0.2964154436547553,0.8262314899624682,0.3903677046722877
2.469724774651923,1.074910092311093,0.24540406120581154,0.9190891318066008,-0.8682361282409267,1.1890571840975568,1.6213583214265443,0.39844804551200075,0.3028832767193024,-1.3044257083704427
2.9365333475234765,1.057231525634406,-0.9742905608266295,-0.6149967232821136,-0.7972896391377535,-0.665255965733144,-0.6556430806889584,-1.3962118143750324,0.9566228117354912,1.1642230908770614
-1.5148309746425337,-5.777263447309726,-2.0306425707261035,-1.609434314142328,-1.8311130193409038,-1.9054208154369774,-5.146619864494348,-0.4175080735150316,-0.014319442715773,5.915423106304261
0.9350663193087987,2.901847035400203,0.14494924020545913,0.7315589793240969,1.3213699790423097,3.458337009528863,4.492016378331443,-0.6262245956364498,-0.13679690475734085,-3.82333074942558
1.4402851858494012,1.0757590403159984,-1.7171766698622837,2.9313437338555124,-1.6806143303254744,0.7859563912845573,2.0627134620732908,-1.0986549631220837,0.6765165547809898,-3.6972430567330123
2.6829976131485753,-2.058938909969862,0.5417376476161898,-0.11258104577888695,0.562170901602708,-1.6274170084556299,0.08367701528948475,-0.3832148369586158,-1.3896296708555453,4.321107461970434
0.6986062211462879,0.24705659708085437,0.790721018540406,2.4700427674130108,-2.184260461768276,1.0987415605703785,1.107576240995796,1.9566099625857163,0.1378957758749067,-3.2917281664123217
-0.024579217765852923,0.39945830644448943,0.2102462200022925,-1.2696873773744886,-0.657820801629154,1.1209709156413323,-0.9716404146182003,-0.047497445454862945,-0.8825604114455291,-0.04264349224221823
1.2627057666558166,-0.8761902139157123,2.5511742525026477,-2.2622327257178325,1.3544855443446422,0.45209104014976,-0.13429885366467542,-0.6742902925848823,-1.9308529392530067,3.6892447291687227
3.2507971932329425,-2.107460485734249,-1.0159596631945673,-1.9852999505558317,0.06926209244214776,0.22836936466585556,-0.6526952451474857,0.508312956162523,0.9354573648487755,5.230841389922323
-1.2535837870522135,4.493121549153288,-0.3850368024262208,-1.5171134252154002,0.9824088981528653,5.608411850136865,3.0050532967871266,1.3926548882840513,-0.686936417944251,-5.59652213754765
2.2274736101487687,-0.5351436906524163,2.2085166800091733,0.15137363275011473,3.389002576374612,-1.4751891536396906,2.917222338591809,0.033216563013147696,0.8072610563356423,3.478134227193159
-0.7975734393163274,0.7844964343771654,0.6596997699307984,-3.659392696738311,0.9206002444405452,2.864678909845641,-0.7579229329082983,0.5388169281811231,-0.5243599556815834,1.0342356935889079
-0.7195693410300055,0.3494552092648521,0.5886354597962726,1.5668110983800814,-1.78095824877698,1.9627668945720569,0.7835425498055419,0.15334476760211485,-0.7144960913030979,-3.6131936947733014
-0.03230240279258689,2.025921662340065,1.762127663079091,0.8421572947868665,-1.0322501357823983,0.43947753347339935,0.22254059711002422,-0.8306215805446449,-1.0363648841320956,-3.1302100613036057
0.1654392554386679,0.25574789309070245,-0.28358112214153597,0.1978036148718425,0.9841218668706274,0.6281415370280969,1.5180860289974951,1.1228254938852753,-1.0713083276709745,-0.23432080935316002
0.947089743640392,2.893170070524551,-1.021062998206856,1.621293606795821,0.2907884560448397,1.5178459374335276,3.1336772523528653,0.6652715062900945,0.640960799203096,-4.056762029771537
1.288729160505888,0.6855131657070057,-0.18588543607289654,-1.0767773763865292,0.2747757546398686,-0.7773123761905303,-0.7129187525994852,-0.5865289930926361,0.2575331531289845,1.4646061351770712
-1.308691937986036,-1.181751988527491,-0.6199556973136181,-1.214403496667101,0.4826829287033769,0.14013753879091873,-1.0371539099722302,-0.48466725873343997,0.259133655084339,1.5114517563271215
-0.43507760239805005,-1.3229759625120303,0.5890241699257166,-0.9344191053973725,-0.7593627059340633,-1.895997836255152,-2.912111762648133,-0.18600769429209638,-0.098336342192499,2.3442447430650266
-0.9087966358669789,-1.3546912512193392,0.9802629527216836,-1.4787740554942888,1.5540902513977803,3.444892358159396,1.8668085955083253,1.2524957291499996,-0.21389648864431846,0.971000837372389
2.4636292652689606,-2.4870264939050273,-0.08966392153963396,-0.49738693894412644,-0.027106855985482792,0.757621584977173,0.6044954799710271,0.9097833451011628,0.5945838047755574,3.5896974214897286
1.3050840224886016,1.2494409327208311,-0.7173921636594315,3.443842997080398,-2.1295293546480156,0.6057889236101373,1.9629588198240147,-0.6157374582092063,-0.48899228957847524,-4.44740003952665
-1.1675050454049676,2.7998539448165642,1.7111072916770502,2.7673553634009425,-0.9967002654300557,1.1710908005726641,2.0817895116926017,-0.3636132959016177,-1.7725785653614543,-6.402899053063775
-0.1515821469432227,-0.18450527192152422,0.39223067555456603,-1.9925264539100045,-0.565941456719202,2.3901766727832685,-0.8106573131386094,-0.7103324902148916,-0.5282140148497824,0.475259633927335
0.3811197856537797,-0.9555298851740195,1.9288439640217565,-2.396411319886627,-0.6048799731563215,-1.5014130494893272,-3.5109058218078637,1.3158872670461172,1.3903331835321713,3.582423164405878
-1.7512220672684933,-1.4184782528131206,-0.7620415273876496,-0.6041784734197335,1.6269557593537565,0.08274684402690169,0.3260450494266888,-0.624084745037494,-0.8389684396441776,1.4146106164518137
-0.879534627020073,2.6067585614393076,1.1408589867016137,2.924949001002099,-0.9227732374925918,2.0020010432573736,2.8787949829441,-1.2450344592513576,-0.5197747896300302,-6.571087299473754
-0.2010723284353999,0.06479291077045346,-0.291489421253352,-0.03295992107890644,-1.3796256539842429,0.890635574066335,-0.7707106334300974,-0.11079147568777581,0.9679455131409394,-1.0630646484946458
-0.04131165379587043,0.7606750415890917,0.8501865538483758,-1.0198855183217712,-0.4232990762347648,2.249774227664698,0.18112801264713,0.005685698039677293,-0.7633491867151124,-1.0237080083923273
-0.6291117247498352,0.31186050904812634,0.6285994930303792,-0.07620664648877751,2.7759280937576047,-1.6465509007359977,1.2248194518210982,0.5710314643971474,1.6719629600732748,1.24998857385462
-1.371698225931088,0.10774707339895806,-2.6993223494322995,0.8594240632462993,0.535682604964788,-1.00357577096021,0.17659160795396908,-2.495707383782465,0.6902559291228032,-0.899747699609185
0.5840685483818306,-1.3098362155684553,1.1262461801557098,-3.5720924271882373,0.25446925765213124,-1.7178527848258627,-3.857867822197266,-2.314456078778476,1.6982903924269561,5.435646697307276
-0.752409014452781,-0.5945713546843272,-1.1596206115397987,-0.6303047893735655,1.4467274355462723,2.269527299311081,1.8821526137484708,1.185829198742175,-0.1633079550015069,0.15489900130751771
-0.09041203285997912,-2.3734862178235296,-0.7116615385763058,-0.3277665186645541,1.883915813480296,-2.149554511848609,-0.14210249247737433,-0.48268326364734954,1.4917821634240598,4.042401157569683
2.492097827257761,-2.3762218628451506,-0.18340998729204272,-0.6656987673514391,0.48092178908833894,-2.161628134482387,-0.8866659641495169,1.2254705453144694,0.5369756969437411,5.194224962409932
2.438847119440359,1.3795223458456416,0.33340901239271226,1.1858953733375177,1.669454695286111,0.8123855302485701,3.909576025829298,0.10175105077163857,-1.1064745561139018,-0.7016961310922694
-1.1070593615924231,-2.9995177719720916,-0.8465118444436109,0.14149893295405236,3.44048684777516,-1.3668405387567517,1.781088325582419,-0.7287293926540226,-1.0099542026761599,3.8707188397402725
1.2197544539928735,-0.432986939310151,1.4123806710927012,-1.1113634968249435,1.6487895036002458,4.619434659439328,3.7450868038815157,1.6610939118967147,-1.0639936165655535,0.46003163001733594
-1.1738379263047318,1.350407988347046,-0.035143579404707616,1.5641618244986188,-1.3526167613680138,1.2537212744810264,0.6568381604451901,0.5925553079287688,0.7288186376596363,-4.254684551376593
0.3179841175573095,-0.40162568045438385,0.15917711592258102,0.08568219392233178,-0.2504062853592015,-0.5136461925475386,-0.4005183394690014,-0.9887373184198183,-0.08171069214157814,0.5980429294461836
1.9386058657495941,0.9890356940709909,0.19128826013625272,-0.1253179220022127,-0.24893021824853123,-0.8873114664135173,-0.19714252858898132,-0.8526850162328397,-0.2280932319970342,0.5797871902653722
0.9987502746860577,0.6841247581043151,-1.2809407999993476,-0.47677844881465303,-0.06240999888610177,0.6471038984691891,0.3008725534662579,-0.9822732534781534,1.9972805022846487,0.009740026777305044
-2.8262113184936224,-2.5252387535683907,1.2497575715479559,-1.354116218403695,1.709534530358435,0.26983235960380647,-0.5582582985857155,-1.0872606842743522,-0.9474290450606763,2.4142472405828936
4.461494221476954,1.81550927081476,0.4986048184872299,-2.516648705324092,0.7401621154759128,-0.22501297097983142,-0.11262610817016366,1.7461537795510573,0.16548939312256028,3.303561928799855
-1.6535249256201618,-1.891374699369599,0.3510524809546788,-1.236477789983621,1.6152517760332707,1.273851826099392,0.5034474421733258,0.7027256732712895,1.2094944936447791,1.8733571446210953
1.532041314113413,1.0582200969144029,2.786049937813325,4.235768187108224,-1.5149371475823923,0.501695099304039,3.194321766576853,1.7660503040522881,0.1596082474008315,-4.559604762262419
-2.228571288641804,-0.9631024144396391,-0.4639479694844082,-2.2919304095717905,-0.9634681766795272,-0.04287383304197934,-3.658479172579593,-0.2714050601644967,0.08978496441913161,1.2991447741362183
-3.4915727213099377,-2.137341051351207,-0.18703362887472083,-2.09862979315163,0.28143036952607803,0.04921847652768141,-2.8044252254985684,-0.030252661725420512,-0.47970673955782334,1.9251492399589991
2.4397895146205997,-1.8624433600484684,-1.2944933548580113,-0.5566517957433048,2.1601161828991238,-0.6840309388995652,1.6582966984860488,0.5141458264060461,-0.7437160852944981,4.555307419213407
2.0198265120128656,0.47472982782557427,-0.9106425200879945,-0.8022934988513293,1.68674030689008,-1.0936236747011128,0.8105464971393297,-2.1670900615257573,-0.8685964306357081,2.4780016996106022
-1.8090397394483513,-1.5678412513306514,-0.40401143063479783,-1.8115225460600448,0.4852110844745279,0.7291646993346715,-1.3737956309996033,-0.4691296593240883,-2.326063713389172,1.8288101991132448
1.9027706171455212,0.260595900317373,-0.28372750445327777,-0.4445253784594967,0.5352566566750554,-0.5550490097748433,0.36975437908859615,-1.334160759004991,-0.40797147810125295,1.6203741699536103
2.674355115418155,-0.6326435511816251,0.04177365736491215,-0.3264652328234027,1.5853860020857051,-1.059560989135231,1.276178949362959,-0.6899159780289247,-0.29263062033020526,3.349223179303359
1.7293734462812407,-0.2181175111381518,0.8378704176677894,-0.8926437964782168,1.6679511957031923,-1.144660746164568,0.5388809567586978,0.3681850364120082,-1.4021959857560435,3.0336974117753086
-0.4693364459991931,-0.4241668159750166,-0.17414071713024398,-1.6208750753240806,-0.6460506455204051,0.11818407251673868,-2.093891304422186,0.8686752713391771,-0.25828866331511835,1.2240810139473175
-0.09118687038298812,0.6766815986456355,-1.2405935848407343,-1.4329645512382054,-0.948708165892554,0.5045477279159183,-1.7583656808710213,-1.1715044081696178,0.8347497226433022,-0.006716992591754467
1.1440832008749027,0.2748605273379314,-0.2760110617164809,-0.5534047158825623,1.3770424357410427,3.528384330402834,3.3359299920137087,-0.3515368762486047,-0.7061286121861053,-0.2839792862923666
1.507572222949951,1.8626615114681657,-0.5859059606811758,0.2637804047028425,0.9553485871315822,0.44916053344544926,1.9845328205024844,0.6200799984463362,0.43566456645700186,-0.932705938746629
0.05739667974977336,0.29963165994160823,0.1350531658122264,-0.38017837985858205,0.45354938496111064,1.3477179614022137,0.9575899947557299,-0.6713242302684823,-0.3390783736268482,-0.36575691863409393
-0.052550438813280254,0.49740349220250624,-0.44719939306998346,2.367510387580284,-1.6695785923541206,0.4760950896203682,0.8744703964916676,-1.6516095967182838,-1.015628254718246,-3.346030087151734
-1.973811735325536,1.8212718235371403,0.7779723634666434,-4.258034389016135,-0.5488800499220152,3.0200430918932892,-2.7923073238866682,-3.0711509878990277,-0.3962103422811035,-0.6191490689809693
0.7372136514316414,-1.005515478600225,-1.7553545693201642,-0.41652790888431446,3.253912553092366,-2.721565707878608,1.0199494518519312,1.2082690915880543,-0.2962491987642396,4.118254866050283
0.9692806951489092,0.8365763848262042,-1.390894131258771,0.4612826674853029,-0.8112988929381274,2.329397092686793,1.4932509032275538,0.27491271078750706,0.9815328752991211,-2.0063797784512123
0.12807851869591746,-0.5718563182484366,0.6659488378340656,0.39682734875367154,2.5552854364882,1.8801912962497813,3.8061395640113185,-1.5532832525269797,1.6087138830488947,0.31473410391352286
2.797512827746049,1.5390642826891177,0.5481263287272904,0.09196735212241158,-0.951686484207784,-0.3088056313052252,0.0343283315449363,-0.23309692103714938,-0.13796309874315896,-0.1683523503327645
-1.7244673093288125,-1.4569492828612478,-0.11723958943602521,-0.1774660899823277,2.4338909700590117,0.870846224734942,1.91720020508393,0.5925337195872442,-1.651281423623733,1.031294537526612
0.01809239271195373,0.07181089518501427,0.9956590114287024,-1.7181805748472558,-0.750170526243195,2.508500680169577,-0.5910174842794201,0.607565627121377,-0.11569648291566768,-0.02138485264315431
3.3512170687868927,0.6754245497099505,-0.5996636543589989,0.24152790166734595,-1.0299482557753012,-0.47450197266374605,0.09976237846731714,-0.34270655361326313,-0.013332847036461874,0.8139074560419131
2.148308024812205,1.0041737246043558,0.6772085213501834,0.3567238368811534,1.4685205144487579,-0.07344443515540688,2.337235409809583,-2.0796332822470394,0.6098290776634929,0.5256557922281827
-0.4761381774579194,-1.8615238566514885,0.10653496705378047,-0.5886411367819857,2.7898534011182408,2.3245963505498928,3.1488669121371142,-1.7290991774320505,-0.44721781472885597,1.867301141646938
-0.7252386094034684,-2.804991007349414,1.300248944252042,-0.5218772763362349,5.20193952900707,-3.117079437273887,1.831449072567877,-0.63057816231632,-2.158341916889131,5.9384278361611775
3.3991327808702465,1.553835854309188,-0.41621021383958845,0.7829688891633995,-1.4279658815505076,0.22856604110123657,0.7325877200417774,1.786597023926696,-1.268691976843173,-0.8810575681989755
0.9948906726062842,-0.22377235487519975,-1.3646486738693806,-1.2232496392518002,0.3832816909032434,0.228946286318366,-0.27799216742843696,-0.1341253790451568,1.4795272035185179,1.8160673244750676
0.4906735512256438,0.9362432906534441,-0.4531829756295582,4.816315648634562,-2.955454902282109,0.4076713919893985,2.0084558948108975,-1.5347873290951395,0.3854697750335259,-5.997021694183423
2.44736068141344,0.7046457296938383,1.0547778142766568,0.3456431095525472,2.190484683140876,0.9527725082556103,3.6865352343377515,-0.7394144316026904,1.4512546569546128,0.7534779863244102
0.25611086510538084,1.6477668223742385,-1.296833847167973,3.4401403055421578,-1.0501758229293734,0.8534085197165172,2.7818007330830365,1.5790894560712077,0.22525845349509843,-5.070389713795357
-2.6123135820318,-0.8002189814935529,-0.3020310227827632,-0.8498595733444204,-0.08813762536363012,-1.457755623124529,-2.6111669995403592,0.9909581870356614,0.711045304397363,0.6934349414918033
0.14485301460816624,1.3274951766689436,0.6622033339461874,-1.7565412008949832,0.38602495940177095,2.0488099417505423,0.24493398517216258,-1.202803194645333,-1.7181374903760358,-0.4014416079765254
-0.30604465944044135,-2.3637800860488642,0.6846612305437452,-1.0358336265852521,3.0483637203509377,3.3445725435501705,3.643523442208272,-0.39354631987318744,-0.04606140412446539,2.4116908440790072
0.050322056721512576,-4.187666826388419,0.6296376030255896,-1.7379262437321077,-0.7269226123262253,-0.21603264143108603,-2.5990596423859618,-1.894382195925908,0.8861381534941315,5.07319222844914
1.9056614136372172,2.279634602044201,0.7462485394318988,0.7621057797727001,-0.8900406542474755,-1.0188023748026236,0.003832098221428551,0.8458396242433921,-0.5666319246194422,-1.5252853671396682
-1.0466400396954612,-0.32624866942574315,0.26252801232332496,-2.397024597478392,-1.2383609736165107,1.4860189894205855,-2.6221234470549466,-0.5478152367265949,-1.64023586666347,0.6411142142614292
-0.9771653755847864,-0.11053939120672851,0.5772483723755298,0.9025362791829421,-0.9871648231766375,1.5946126480661595,0.573621594051127,0.2022258745919648,-0.4491074688293155,-2.3045813427884014
-0.3246240726408116,-0.33077024765580987,-1.1180604279818278,-0.641338183611299,0.3762637827183877,-0.02001845832212945,-0.3592340543027862,0.936102435196951,1.312084416107226,0.8213900946780468
-1.769603636079336,-2.0544911235154677,-0.5622056962202638,-2.6517912232346754,-0.33939602885402165,0.13022990732733652,-3.2410968454390594,0.07008847520856673,1.3363818034531878,2.9752377892742006
3.0840367796693404,1.1323720769073147,0.28405657052987,1.6767061978247395,2.5619426496345867,1.0005368560027,5.4388899548012395,-0.9804695349218977,0.7644782203057904,-0.314889651451138
-0.12308684339306009,0.4457921873039088,0.14368044501773122,-2.262374051694654,-0.495851227168022,0.8215477115463804,-1.9020833474741117,-0.13351212288434067,-0.34566637467600275,0.9154822095861876
0.27481790528181727,-0.7912286795668124,1.1491370484685344,-1.4126480862881452,0.060934891410993175,-2.600978814485401,-2.7653203118633147,-0.24237661538640737,-1.1808359169921354,3.2926311848428416
2.094102214860773,1.1893967414497566,1.2065874198042088,-2.0604530054436756,0.0551142788699549,-0.008217525463186548,-0.9920500633320469,-0.29502735211415737,1.9675407461958598,1.8518739830186892
-2.1975417252221234,-2.2055523171667337,0.2632459217265814,-2.035198851946757,0.5334039590114863,0.06327289488377352,-2.1108577355718734,0.29969555555109145,2.3716035801677697,2.7079211661828753
2.025960298951574,1.2813268221039862,-1.5580727358535134,0.514088747314976,1.462913094566622,1.1247799778627436,3.1976986932229328,1.974396744480029,-0.7298695864625924,-0.47909669219650197
-1.50097300072362,-2.3048317769027777,-2.153276072043633,-1.220021369002549,2.0536209336292806,1.1876545416371356,0.874177813098291,0.29026080540354937,2.473266082762811,2.5113074390408685
2.9735954583130386,-0.26984195862861504,-1.0632830097704935,-3.2045965423740226,-3.71665994281269,-0.3881680976173565,-5.440821877256514,-0.4019864911361351,-0.6970447013594224,3.3732329229206823
-0.014016282783710698,0.32316132537187914,0.8809151690332453,0.9679233181127666,-2.26723675233704,2.1880854307186643,0.18843158321921008,-0.6798277099612238,-0.8705543556461532,-2.985087292907224
0.4245174536911689,1.0795459186924923,1.0787190508030151,0.4313740264049961,1.4804137530993806,3.112322364677022,3.858428934394413,1.6393038833690963,-0.015238046500086614,-1.9972245966023632
0.9124639020497192,3.7472596978746475,1.036157261138504,0.4144858052677338,2.0232005708771146,2.8575590172095984,4.529797849646439,1.1841810163672148,-2.1308379973558758,-3.7749326686280154
-1.8116782870660768,-0.01084839614538402,-0.4763977606015153,3.7338242398080084,-2.6350907722855386,3.105326151535789,2.237269107542342,0.055042557281043444,-0.14265419808920418,-6.583731996579815
-2.0835727249632474,-1.596327049334229,1.9390327007979793,-1.5117526031094648,1.222773622457395,1.7355464687822604,0.08645712575994706,1.7092071543529632,-0.717904892909212,1.2580668333022493
1.791644686832973,3.1141189822390998,-0.9462756317300305,1.5194626540932057,2.2392824136793372,3.2135345965937114,6.134151281764644,1.861257373980529,-0.2797152893203726,-3.7773329149222077
-1.1674967422590103,-0.53271421750404,0.8280104061634723,-0.15495569616894156,1.441010161267012,0.7586515972761533,1.2220726091649075,0.3026276315298145,-2.2939415848465217,0.169270961314712
-1.0538904157751428,0.7029560905973997,0.3709087906352869,0.269895841911284,2.709146466841216,-1.6164136468076316,1.3797211895361414,1.0574892793021784,0.890260531467201,0.33981109044572555
0.4154842567839544,-3.276583850542455,-1.4448973229642597,-2.650330358493248,1.399716224935299,-2.328618097134343,-2.613435357422871,0.4785303141499034,1.1741881650593213,7.012708270426589
-1.765064434326968,-0.4553585051294543,0.1752451940325608,-1.1366067060205673,-0.3523774723733992,-0.910288677163503,-2.4622857682101666,1.0874535506941656,-0.04392513295512187,0.7320577654507143
0.31704158078400957,-1.620506525675752,1.2557661752685587,-1.3984492388479923,-0.5335942072355435,-1.1791932339654874,-2.450844599945127,-2.161596133238537,-0.025716964887102477,3.1595414225385956
1.611436798912147,-2.9288777254571183,0.24668877033605638,0.006057940597987921,2.8940347961104873,-1.7212376432860317,1.8164245712302598,-1.144146477027523,0.5324643077886955,5.333407176093458
-2.2986234416392124,-1.168751958754966,-1.3775763800646668,-1.2580607485105506,0.22732060927328013,-0.5044669921469507,-2.0175323989244625,-2.0208175845859473,-0.21367676886986164,1.2140435763788482
1.4106745108175032,0.515286130243956,0.08860639072474857,-0.9106247361862605,1.722564518855571,-1.5254002839952032,0.29035663821792784,-0.853677408287937,-1.1264276888827558,2.424121366733154
0.49672263236899894,-0.23500040253795418,-0.19736760700948927,3.088122648239955,-2.5042272204119556,-0.016975124113536078,0.5613707988175491,-1.7403678256144852,0.8955255374169739,-3.1029556974515122
0.3879260228515149,-1.6204721640678827,0.29977223560213645,-0.6182384004067893,4.006825777341057,-2.0079011301238143,1.8079910132545207,0.4460125107285377,0.6867092043485655,4.601454442891841
1.4346962901195757,-0.9956516871896914,-1.1357508478582938,-1.9499176583721782,-0.9071040012194483,1.2930044771354998,-1.3240929848451353,0.29827110460098805,2.861136567633684,2.387023802327002
-1.1383685995883805,-1.2959445836080472,-0.9457215875184727,-0.9781537183550468,-0.6972665213140103,-1.284184891239821,-2.7333307243757616,1.0474969148759905,-1.0567094483632247,1.7224126411348495
-0.2057424419033953,-0.8530722014779142,-0.3814045304714144,-0.8344778778826794,0.5054091636811604,-0.7848697751989264,-0.8896905505884578,0.48422077434684196,1.4057130510158269,1.9179636296761324
1.653123167905717,-0.8424029152496918,2.323266984454728,0.06971136931359712,4.165655708932191,-0.7779934005509141,3.772885390797223,-0.0503999505990221,0.35697009739526736,3.4811791025874106
0.4098161741515025,-0.8747010208598162,0.21964158661701463,-2.198438855841678,0.14864087206238463,-2.455492473527756,-3.2418054177927007,0.29439275913620677,-1.5227145097905055,4.078841696814314
3.1586251866005455,0.19514685801043208,-0.2574086071849611,-0.7592431976853034,1.453854016503123,0.6415653452691503,2.05821757485583,-0.7375559646469723,-1.2133700702479149,2.4046543134754845
0.8950907742229026,0.7168538727860365,0.09119636937142765,-1.5759359602786422,4.520462511718868,-2.436955174853499,1.508821183091421,0.6472865640460312,-1.5387973771589996,4.005857653295643
0.7886759125391559,-0.22254747217673287,0.3285698496773193,-1.6549446947671431,0.7640751170946534,0.6204348444345125,-0.13211813302569328,-1.2910395748499208,-2.33817245369327,2.036020589548586
1.5853502735580127,-1.1916002857639718,1.3573404667461748,-2.023426462314176,1.70220878626174,-0.0296194060666779,0.1629135618855829,0.27699452042712547,-1.0795504116394292,4.289380223709174
0.7583600228821561,-0.8214955585579681,1.6332295165199406,-1.8212598619340177,-0.019842581851669427,-0.5685679111379158,-1.7760298165205641,0.7969657955099247,0.7041298480492758,2.9551768552713593
0.6571030206295312,0.2218240362547802,-0.6914122042764048,0.5516778408525149,-1.4625143024339926,2.0761367429154154,0.6839505244962351,1.3015929980039929,0.7779866783080691,-1.828512787592674
-0.942601033444707,3.686216082797946,-0.6584099351183408,-1.5358713789735958,1.6412976314518954,5.241803196764483,3.3885232371357263,1.1694082321564618,-0.7650623329109258,-4.281885889636285
-1.77467281722148,-1.4228913086628703,0.20997262152463117,-0.36544892419173336,1.4381590913149442,-1.119562629162742,-0.3928836976255157,-0.3427106214798979,0.04056454809536032,1.6884893546637583
1.0142421006216193,0.5481327278519097,-0.4778523960351749,-1.501619008797157,0.7261026756779494,-0.33198134297397797,-0.4963805330988106,-0.008585201859605372,-1.2174801872358345,1.7668366490812166
0.15758136401611544,1.542763191749958,0.3854694758482433,3.903878800263982,-1.8790173450558663,0.6947299827652161,2.3024268866901934,0.6131740018915679,-1.0345386308482871,-5.662672182992856
3.378997846401259,0.26565950953647366,-0.46015096167640857,-3.4245623915103325,0.016420620930669427,1.7889941496621573,-0.7559065557393042,-0.3677023262177871,-0.14819354138251523,3.681298237626099
2.340897091985459,-0.6050663092490576,0.21156483319424788,-1.1175836006982691,-0.7954821983323377,0.5563650915705081,-0.6442109600369509,-0.20331653382972917,0.21356119968924533,2.190802581335501
-1.0614587887543014,-1.0445064938425996,1.6739397972447685,-0.8390690324910122,0.8833308112141813,-0.25190634126110867,-0.5073767533488049,-0.01727323804817288,1.2107012531475165,1.5297144557584175
-0.6250386520445028,-1.3623341506138384,0.5253074625021505,-0.035694433665986014,2.568234394101368,-2.406644088219209,0.47372123108691244,-0.29970559352785353,0.7601080308146904,2.9815024005010775
0.04784099207160608,1.5667514390216626,-0.1698196855231585,-1.8098485332491832,0.13323574472265087,0.8766357124903855,-0.770828485847807,-0.8214848566236752,0.2575749708891944,-0.17040585106622105
-1.1453857753005314,0.5381884727056248,1.791670710523534,2.7708494526258316,-2.086772933177838,1.311547257540393,1.028442435248421,1.357461365683299,1.3221671462211262,-4.853726736668093
-0.5367533803543463,-5.185669473453512,1.4203798480283505,0.19864051090491452,3.462010822183149,-2.7554816855430513,0.9984645943616545,-1.3236153984890395,0.45209728845068775,6.721754469945796
1.222753302049598,-3.390671874627372,-0.5018515894662996,-0.5906400749872348,3.223088983027604,-1.7150763764358052,1.4396489899519893,-0.38432522685877213,-1.74637247962368,6.169132701810652
1.954418658631715,1.0860999336871995,1.9792864055014634,-0.1762611322907509,0.8097432712889504,3.1828298908773593,3.256697040884383,-1.0734607447026951,-0.1340652496363761,-0.948493428731142
-2.1425417153832345,-1.544069678015313,-0.5537089930758496,-1.5745474961257921,0.9619067453292387,1.5584984012792367,-0.3271351072501836,0.501987657388833,1.7662398602994058,1.2191605304626414
3.3293409935707294,1.616659794243065,-1.2422492314691227,-1.563391333393355,-0.22383177262424936,0.38731535760036107,-0.14176725844252688,-2.034248859510923,1.2668472405671247,1.4156972785755841
2.4021142688708292,-1.847663464174502,0.6803425779863251,-0.21591375360989906,1.3503643681062822,-0.49868372553826157,1.331945895222616,-0.8763937434747587,-1.2702318390275464,3.842075472979562
-0.24624804653176313,-0.6254501386047585,0.7075423509341688,-0.6847045611842573,1.970616206590076,3.875486103142903,3.4631074601425396,-0.16123525467926955,-0.28092662420777387,-0.05131509252033062
1.7922618672248571,2.5826734462362206,0.04886918330515309,0.8355133060016406,1.990444710086785,1.800288944151102,4.396406842585841,0.7707688064351387,-0.03602103575443992,-2.1539564353828675
0.624927042221729,0.3722247570621142,0.4261031309833969,-1.3441310252798755,0.22113780684408701,0.5559910117044369,-0.3961672916638833,0.5205018830769744,0.13791652091806014,0.9807382554032982
-2.2451754423929096,-0.32776556034679194,0.15103290905513567,3.137968291932823,-1.934087943449655,3.435940204202721,2.394079599379285,0.14091764823475636,0.26593258631826233,-5.913521100085533
0.19002464851473078,-1.4875779517435987,-1.378374472320688,-0.756922908175137,2.264099646993018,2.4508075847935507,2.8484527638229746,0.4106739732747986,-1.487359916725743,1.7799358788174002
1.8252126525095427,-2.2655644623608255,-0.03202756915864482,-2.012277665894966,1.2638553371098593,-1.0775359115165262,-0.8797555848678621,-1.4537985507462725,0.5619406165101333,5.685622046922409
1.083905216728336,0.5700341403650313,-0.677113945880534,-2.861189891594485,0.8825348325088015,-2.0814064094014313,-2.6022635045312903,-0.17436412025215542,-1.33678520108368,3.821994541719973
1.543262194383858,-2.124569793955314,-0.24980315433531913,-0.6629700566190454,1.0828729236443222,-0.48556114473701395,0.41952764759324984,0.22860414557842074,0.11583194900956444,3.90914351511038
-0.14269400999681836,-3.270327342969774,-2.3576918940430898,-1.140851018438053,2.190453565241868,-2.4073498049491677,-0.8182527795990621,-0.042484122542820496,-0.6478460484060938,5.744132406361077
3.390892450148595,-3.2233415891965875,0.7590326768672186,-2.219862907305327,0.9535603444957339,-1.374003940745894,-1.101572438905839,0.9384154217891143,-0.532633852777348,7.57173789641144
0.6871084104791845,1.267910485077132,0.7394094886164625,1.3507973488529434,-0.9834596192795352,1.0857380085447073,1.2799128619919864,1.5665091267059081,-1.5538930044475427,-2.7914094016873494
-0.969925057439579,-0.5882265860172953,-0.34432120176999703,1.5253813772038982,-1.513176412480151,1.1723350400269055,0.34497142492721455,1.1959764624837037,-0.47285279297804617,-2.4107633881018997
-0.3763250390792583,1.5656996659946216,-2.4619797058899167,-1.9052682341735472,0.23428630017197638,1.068300635992003,-0.777637996524578,-0.9009700184262551,1.5723062561857772,-0.36477409936376093
-2.2437711892479593,-1.719531833072419,-0.697829288253898,-1.0019551402404276,0.6915361332418926,-1.7914086518539967,-2.2048865392386428,-1.621008284576339,1.1986426089954636,2.282884446051507
-1.7626636571437588,1.0666170494777925,0.10841247335290131,3.6631537512796553,-1.3339381887078243,0.09443537059974694,1.5658642971084755,-1.6759410190991015,-0.3759357199135793,-5.574056628328033
-0.4301947660091081,0.8229875272059748,-0.40375536717902655,2.1788083561375964,-1.994761807821552,1.3084562853788708,0.8428160397313186,-0.2920753016065431,-0.2026167676043195,-4.181826007094321
-1.6833436789954455,-0.8251054024478316,1.9441077035254948,-2.295440249310151,-1.0693226564828455,0.05905990339157041,-3.510282664489245,-0.7540424916675474,0.12347231450854004,1.383200687414491
-1.8821875702331199,-1.1427878441493189,-0.5877659049711595,-1.0872621231170803,0.6390675580447052,0.005926301646251408,-1.0482198587337386,-0.8716021981573001,0.17911401136846739,1.1825623462693777
0.4188287568953317,1.095041243684764,-0.7350729836273577,-1.0234870383117027,0.1041016737450331,0.6754703041106662,-0.1584465256126159,1.8348201445867027,0.5314896881466579,-0.1462243124159173
-0.025089026416264426,0.9403029069086961,0.5287746783588859,-2.1815222920964565,0.502265942726043,1.1413228957301906,-0.6681495371861561,0.5979310342286075,0.04109638193320571,0.6816197029515133
2.580796791577492,2.1318846246960304,1.5680050310433193,-1.8880416239667306,0.4258920441667273,-0.1385098245088192,-0.3651418485773351,-0.002212669470562166,-0.03631593341592001,1.3233576019089286
0.3651618409812154,-3.7334026984324318,-1.6123097359794165,-1.5374826054324178,0.3957066592382156,0.16782662064827725,-1.0442006217681739,1.3010156626547096,-1.4157710130558239,4.904527284656851
2.326369381710511,-2.945660281679218,-0.22946979131971185,-1.021543986225281,0.5866010868495042,0.7533996137313401,0.6193876242935302,0.9424092950341348,-0.7296043637016657,4.60500100855337
3.0487214349264398,1.6237831386100823,-0.04352946650466633,1.5048135625500323,-1.273265584541135,0.06533702463968971,1.2910100545434342,0.15367402056418814,-0.5528959336937127,-1.6166180617027255
-1.3943314299015963,-0.6396834337486793,-1.1473415163213292,-1.2979873635488661,-0.5581188792704797,-1.46640503735006,-3.0304058274557986,-0.7438593891229157,1.028610311303378,1.4134867487271714
1.9211161890377118,2.533225330154729,1.2638538399101207,-1.0392966076077723,-0.5642239243730112,-0.11573106515789577,-0.6806887925665166,0.044802456387939664,0.18347311871156718,-0.4930181813218094
2.360461159990309,0.25334176468817216,-1.3844231543584364,-0.013564831999232752,1.9450009403678927,-0.1528262428098286,2.4038049215317954,0.0767629503307216,0.7686480879681984,1.838574573110972
1.3021891874781615,1.5728672390223886,1.6463683960749977,1.4880577390165963,-1.1138009322391436,0.34318149244713336,1.0370643538389712,-0.12232338213274517,0.7033130614575919,-2.5568738677015923
-0.7487245074262685,0.26800758682742665,-0.5943498527396046,3.0310168078684163,-2.411175604907432,1.4569177055938085,1.1583691668407097,2.208419091154705,-0.9752409251002728,-4.813790518175629
2.7505640356277805,0.43255694887972984,0.5622502831697198,1.0781526847663292,1.4843383174499845,-0.744248300086455,2.7064872482574795,2.0136989173313573,-1.8680018866707437,1.0522483345134648
-3.2933992820328584,-2.03321071238811,0.619096478051551,-0.8016199842127152,1.2280541659236763,-1.8387068805412334,-1.9343704293824318,2.2725364418996903,1.783270810395837,2.0522499354429073
1.3222646734716117,-1.2113398293645148,0.8935920406314608,0.2987621143044219,2.7213307917663307,-0.8767272098145621,2.481166881422939,0.026571963404306363,-0.05661208726445672,2.9445376221187436
1.0997279098928516,0.33679941951281556,0.11965930451893353,-0.5674255152656673,1.0985699648569083,1.1857119195284795,1.6051926079832868,-1.754788742122387,-0.039236473698743904,0.6324903413044826
4.726356161727825,2.9141621539248854,-0.8972549274981164,-0.8619713536559055,-0.05369348081525682,-0.29447565687330646,0.7353561497883195,0.2537067194918132,-1.6150318721278794,0.7832070808435112
1.4447193099366098,-0.18768693927547586,-1.6985697106229332,-2.269765369407309,1.8561362644578483,0.09367978038684321,0.1961595945255144,-0.3295038006361257,-2.3907821543252377,3.5333756747072265
0.8579877916847877,0.250817183267551,-2.062178104748147,-0.1429238451606868,2.3292009293863103,-0.6320006539774177,1.8630468058839167,2.201390712287935,-0.36445413494894163,1.5168388058354219
-2.182563013282066,-0.01129341508524262,-1.0404099418717416,4.183177961041252,-2.888652295606453,1.3652512501615128,1.198601307463533,-1.634693518754396,-0.3267973428992907,-6.453997925268043
0.6264588164939069,1.865673322686523,0.8588947966598731,-0.6395924006977304,1.4048765952736866,2.9191616936310716,2.864361935910899,1.7992510456861954,-0.784496072389535,-1.6073899251663109
0.514970584820805,4.605668632162393,-0.2280280297848792,0.46778769988970903,1.542683684005135,3.2623577082357027,4.3368053573592364,-2.454973541273946,-0.8019092044499574,-5.16245385240036
-0.20181507090021533,0.8395868232075672,-1.3705590420670095,1.0463330098926193,-0.6607962122890801,2.5310143284571653,1.8920759300477896,-1.2637690772205423,1.022512793696016,-3.1729192154215045
-0.07609435095652184,-0.9866716359967486,-0.44555190351192697,-1.7694775752327008,0.7858136384818881,3.284835313368351,1.1162726994176826,-0.75848159912481,0.4146253992672834,1.125308475634271
-0.45990257988537686,0.5953708103584596,1.0784307441987107,4.662873868752731,-2.3460966916735484,1.7384292675393955,2.924902520152932,0.3717360280120473,-0.6608943369861829,-6.459027423643347
2.579122089215233,1.5676880756837743,-1.1885354539611006,0.027660941815881745,0.915207988802683,3.921549554231105,4.222610965576898,-1.030405737227558,-0.2875581101511349,-1.5225719393661938
-1.7948271716526785,0.8373958828221445,0.6961362419695681,1.9461066286264344,-1.8999221983386045,1.4341415679814349,0.3742465738552481,-0.3384357848148192,1.4184025460365826,-4.744723253083012
1.60021275413314,-2.173444928986077,-0.7812724996943938,-2.2438685409696575,0.8605202529861536,-1.6124807461731674,-1.840105890870553,-0.6681359300316102,-2.2546108782927172,5.780807041063339
4.318161242873237,1.045295541343846,0.7823727702921633,-0.8336026080800566,1.0983329401693127,0.2238776518058685,1.8454830464611864,1.1620077042712105,0.03014639878201458,2.3916379119960904
-2.319259666910388,-2.0054192731049647,0.24295635213135128,-1.6110036205064873,0.10333330852154177,-1.7421371645309618,-3.2764911358916518,-0.697283680469814,1.6022113887316758,2.778241285160638
-0.03874897481286954,-1.0831805196838296,-1.3184181401263892,-0.8757339872495855,4.22299801625391,-2.0004331557021695,1.6893296307963577,0.610511002359014,1.0955860002743094,4.194514642805157
-0.2440732609450429,0.2923447196341893,0.2331795237948585,3.015545176071092,-1.6280918326127218,1.3518682174438066,1.943655957734635,0.4531636040605758,-1.2015881881405177,-4.213132484375634
3.273147223484408,-1.450538340170452,-0.8114815369845049,-1.8613764661461096,0.25801816813881606,0.023044911562306147,-0.4464553228528584,0.9680250758705841,-1.263880829074111,4.717624317862763
-0.5861883743495331,0.7975795118564992,-0.2332839831572693,-2.5578327316989666,0.20263986390045274,-1.2024565824241007,-2.911898159623072,-0.9690510515375831,0.7119574667172651,1.8086317036229886
0.01834941748876151,-4.211895363534622,-1.0293626899886377,-1.2254366384428312,2.9420321462796486,-2.587041519427737,-0.3499251830396923,-2.838840330783193,0.5895030498772479,7.102973432940532
0.3814538621435398,1.472391887644657,-0.15703669059262965,-1.169381197427751,0.0007743704354002956,0.954303626631714,-0.18717948781605856,-0.5047194101871159,-0.3615773114433937,-0.5442049997502423
1.6955075120816991,-1.3781226226738315,0.6638413612554662,-0.8549632287958979,1.7973228659485283,-0.6132487273293438,0.9196058397497702,-1.4817672225794873,-1.9269362882455543,3.8164876993506334
0.9185601177244033,0.878409907798374,0.30074901718079544,-1.2552971187092634,2.154242752718922,-0.6864345478183576,0.7734693895867515,-0.5560969362288024,-0.7489730972700454,1.9065530656958058
0.8644417054073248,-0.9777134182212055,0.7745804977317415,-1.2917766566243085,1.5596982652545706,3.3926542020878463,2.590534738828376,-0.966379093792069,-1.111778299134442,1.4460791938187567
2.0700174014521506,-0.3596838537092155,-0.10155820367255168,-0.4837592271670026,0.9458819124888648,-0.9731821580004423,0.4493396161099456,1.1399751145005097,1.9992396963335024,2.6415692896550005
-0.6379199304982324,-1.6355610633026767,-2.0055761729197408,-0.030295837259091796,2.948899875813573,1.3871349757925044,3.1584510238365437,0.4334656500556399,-0.06656154854445688,1.5947004944564298
-0.07171646184042535,2.6255774701401924,0.3610251451427553,-1.0663838295420878,0.7340435982661841,3.5023445903542374,2.092418263902725,0.734000384813558,-0.6050667881147398,-2.808720418023623
-0.48846461148247233,-0.1409612676289288,-1.1264731247465576,-0.541643471249248,0.4329719769909106,0.2506606509634356,-0.09046339952068012,-0.00727259499970656,-0.7207339871754307,0.37522687021339635
1.6413996511276792,-2.2595275261404004,0.30885264878715324,-0.6874485687486109,0.91495964683326,-1.1893546339503094,-0.17014032736444107,1.1838190585107766,0.04652846593370863,4.366460849863696
0.6986892688344883,0.2787939784820236,-1.0337348667080686,-2.242729396247379,1.497293782144619,1.109810933347267,0.3304135883808157,0.5674887211299786,-0.36991046945714723,2.0929662648306047
-0.56215508506626,0.2999888108613984,0.30900693277434826,-0.7898489254013517,-0.18173093686107133,0.6462894641973301,-0.6008778472037136,0.15773520761168094,-0.08471043286285353,-0.2552888292010019
2.7250502322183023,1.3931062069762317,-0.01631721234602282,2.8543748966296505,-0.8085954313809688,-0.12792177687931816,2.6393754192948666,-1.0396290784189188,0.38726730043453017,-2.4804442768434134
-0.6719811095676389,-1.0624559659148933,1.8103275907226957,-1.8392718348342911,0.28279214799880337,1.7189589115780117,-0.5652686530095841,0.622932269811964,-0.3248836219917387,1.4744210425030229
-0.959042054984546,-0.6972054560845302,-1.0779058611515868,-1.9964766706793153,-0.011336142831321228,2.5892889211408274,-0.4864155446799521,0.541444099389737,-0.41149124122128033,0.6184957147013154
1.7415680313944546,-0.5859646814710691,-1.974670894587108,-0.21818206736533108,0.1670464275186878,-0.7996430389289475,-0.03209597132361133,-1.7256742533751028,0.6119926319144883,2.0693518158761726
1.739989619397918,0.4730153168196166,-0.2689161946978014,-0.25405637646456514,0.4787422364002659,-0.44036980727962627,0.520577898942752,-1.9792058592406632,-0.8609115305933583,1.106932103027282
0.5632410711632168,-1.3039045895430137,2.0599179084144734,-1.1063695154645017,1.6394648486739856,2.3238978976489877,2.0372962674078643,2.0268023689369055,-1.6601112599137606,1.9419478516412207
-1.2716875788373965,-0.7467750106143943,-0.08560804892812099,-0.7835474043019247,0.8805311499649386,0.19523394188258847,-0.2268668906550568,0.6517110765969125,-0.68511597964273,0.8967978820644316
-0.13628455686589858,0.1635361643700458,-1.0837353699401664,-2.9515925208446965,0.20422520479792083,0.7326806708876898,-1.953042191507878,1.9757358680726427,-1.1227366253686797,2.0532081307729486
0.6598131063135131,0.06021064761203154,1.2924293743370827,2.894655845130319,-1.682733471127802,1.4742685855060258,2.133757009135658,-1.0385563060358844,-1.5795054170872729,-3.4984846684865105
0.8844951965716886,1.103642107774989,-1.120812106888977,-1.3361249562352189,0.8943986131608596,1.182973517920351,0.7434182696744508,0.05658018930545408,0.5086578042798411,0.42141442403871915
2.8533954941502095,-4.106582076746552,1.153894134538491,-0.2687755279127282,0.6718863349456673,-0.2887462197307059,0.778181304361404,0.5090283540679753,1.6544802739196436,5.786780369386623
2.2205588056589614,-3.1855851373151354,0.15966056554792507,-1.440473262906686,-1.6538367983837983,0.19905273803807488,-2.1522833352421853,-0.1880362858866683,-2.009540055171467,4.5451275006877125
1.7453101986630386,-1.780458807825742,-1.2435850778072015,-0.6228941253764912,1.4369233702687607,-0.6720109967318852,0.7460222413810934,0.3174182735037912,-0.640632230135962,3.8946090959871427
-0.020110503034821647,2.5526290652361183,0.20991553398349078,-0.9130376875169257,1.2516003196940533,3.8896841886673448,2.9421086734815236,-3.120544022943797,-1.839401584186729,-2.835130752717244
-0.752874732824725,0.6299395020881097,0.29953250304321183,5.685693349562585,-2.5497309787256137,2.0186875539738933,3.7146666079549635,1.8075903221923073,-0.4320438142447743,-7.730137694945137
-2.1456748268179853,0.3074661828696832,1.0637739837855764,0.7947492156580319,-1.5471490733848206,2.2792618437023195,0.066651560836813,-0.8688460783184303,0.3548738029360466,-3.732224018772374
-1.7124934183369112,-1.545223922480099,-1.5273189874177815,-2.2150775543965446,0.03459099219020423,0.6621597412473659,-2.138092204543433,0.06593759342798698,1.215480593634632,2.0701120214431303
-3.5656041037031456,-1.551846799247578,-2.392608148197263,-0.5790020198238419,1.0821912630153105,-1.6106204708889562,-1.779254119151401,1.216459777899117,-0.2554504313815159,1.1278735513089482
1.044048042571824,0.83795574813281,1.3023407448537614,0.7603555584767763,-0.791279040335533,1.7269678730719442,1.4192871372385782,-1.0720580618430398,1.7369429430193024,-1.9377299909272503
0.42608658188487447,0.5425454392940536,-1.904935777417886,-2.2345474823754037,0.3520200279967709,0.4574895566559568,-1.1628179034162809,-0.6763331514442503,0.9665442505206124,1.5825386020392793
0.4582129470925189,1.997728469977879,0.22799116370906097,1.4797123330769568,-0.6559421755622121,-0.06153689501635462,0.9544536581575231,0.7062309747670698,2.5416198467187923,-3.0189569900627475
-1.434376967374516,-0.11409319499877713,1.4072381367677635,2.9553065822525477,-1.4913823240157584,2.029284105648676,2.0290523149357673,0.12132728274562739,-1.4333239283806845,-4.697410319956047
1.6117743896096934,0.8851906552586771,-1.0931075606001217,-0.5379732557620853,1.8717674012584644,0.6015956759436651,2.1644676560038487,1.1131782933007082,-0.3768376794965604,0.95103392914867
2.322471997049381,-1.7123588600776092,-1.2500735179709248,-0.8138926775736832,0.19971846794684345,-2.5640127943689275,-1.52133955852245,-0.050169267633882464,-0.455460383846209,4.722797850861825
1.6726035026936295,0.02491524129040068,-1.4112550051696995,-0.4997942047821805,1.4691829024529637,0.8841137156187654,1.965873659974719,-1.2085905242423423,1.4072300113836351,1.4347752708346515
-0.9216541318740149,-1.8641831267804387,1.1183812821105803,-2.0185810120528997,0.9889600431123723,2.3414858258251376,0.16071693042614624,0.7695651437810074,-1.9090563503511346,2.182417896264902
-1.5026760288770333,0.8715472702756518,0.7170790369961638,2.949769474268628,-2.200812270602925,1.9291099383335988,1.378644778784338,-1.2826294319269398,1.1230392976314656,-5.823114212506862
1.9200378133805835,1.4469494503759783,0.31299630453482846,-0.8561544324046613,-0.16091582763281487,1.7098244603911035,0.8943285889237046,-2.4978471195672807,-0.5334317466174908,-0.3816709529226419
1.5078322198253788,-0.9314298215745009,0.7048615481957615,-1.2419878859309228,1.855546840913096,-1.2124714171456559,0.2373988883256278,-2.1638030013490286,-0.5409539034797328,3.951345591455727
1.4022746238279975,-1.2456743463565187,-0.4214748374312925,-0.5610210079443759,1.5800734776645253,-1.1875061915899572,0.5395107862158528,-0.5491907692968236,-0.4923187949790351,3.47557609037319
-3.460546035566821,-1.6078829987425098,0.9929571304529641,-0.4527059572883446,0.7440725031698383,-2.7127147937821463,-2.63072395119833,-0.21534868482827643,-1.3007017697541434,1.5106204088138757
-1.123291381389895,0.650236892358325,-0.9137933515835214,0.2749355377665592,0.07388586949234155,-0.9185799171672742,-0.5725041469302993,-1.62246533089256,0.061028583556320855,-0.959131791566447
1.095351448604354,2.4874963275290116,-1.6159763337170558,0.4699875253841317,4.898836483319126,-1.3462785279596066,4.502115970693214,-0.5842950296804812,-0.03688895306890407,0.41554910203711204
-0.4787743358360592,0.0028557232152265355,-0.5360817951208536,2.712257145675,-1.4590519515066775,1.7724861423311988,1.9979119807065358,-0.15784202104008324,-0.6781524611975589,-3.9524407850382715
-0.08745640917557429,2.5868706924762694,1.8658445522852707,-0.5474405439390507,0.6085240157070144,3.002685090078301,2.111054124497214,-1.4565879732593636,-1.1056255017144403,-3.043325587787157
1.2042139547742348,0.5349378321645544,0.1225607988278583,0.29760046050315414,3.6129722956774377,-1.2036387455846471,3.1726828763277943,-1.7225600747524696,-0.8354102823918247,1.813228301165727
1.4677671783832316,0.07216808007107711,0.3348381950246217,-0.8604025184832498,0.2800651905780217,-0.5261269925036474,-0.3540766092830722,-0.5743824504629396,-2.329441651122576,1.8050138722725155
1.1365231196024626,2.0935780307390335,-1.6047549879109688,-0.13241906960228933,0.6575928713679788,1.7164147051592076,2.063149880451909,-0.8291091806340453,0.19774913553806917,-1.6941243435530002
1.067727356363867,1.6358585735140756,0.6423655920501782,-0.6946398577328173,-0.6791195565582213,2.474836083685111,0.7911122965881384,1.980075233444019,-0.733543163097348,-1.6901763932433576
2.2531131340832014,-0.38074286654273437,-0.26432148874017936,0.1252454023474563,-0.3006378116889292,-2.9845862842217397,-1.337590019393459,1.2802152727174614,0.8515763202461846,2.7039273243281667
3.4658952929439115,-0.37102010144649245,-2.604346935214705,1.221753311343568,1.5379618401055757,-1.409067210261182,2.629843309158447,0.35953594351786894,0.41857288599115444,2.3529448196006646
1.5815170390208761,0.654239234040743,-1.681728535328834,0.14760786058429476,1.0865872003668495,0.6111843482729584,2.0336410700059036,1.012224423453833,1.0721967159384873,0.25477237363434085
2.444791463745769,1.883372807682763,-1.1047263050976748,-0.3940818660763852,-0.3061184229377589,1.4776761009413097,1.2195377447961524,-0.9216531197782624,-1.7445649518980362,-0.8334570379235732
-1.9017509613201167,-2.428727073277604,-0.9348866927133695,-1.5695381706806746,1.670451327271679,0.9526436691118209,-0.055599067838375704,-0.07633080004076884,-0.010915681073449155,2.6746035012912657
0.13747789034526048,0.04611167678192485,-0.3630498636885798,1.708801108872562,-1.2213515167259303,1.0461590456610534,1.0857209108162682,2.209183966688679,1.3276154516053054,-2.3753449316202087
0.27859266875936606,-0.10192688924614313,1.2619671159963644,-0.7491324102354776,0.7216134471793485,1.4662147563198706,0.9909983294662537,-0.19417973726286455,0.8086627654972872,0.4708648261422872
0.9881387371673682,0.7107551001446131,-0.14593743611330154,1.2703741381847342,-0.8377467283911968,0.49722343403875235,1.0269016156596724,-2.139114124430851,1.1595962893754976,-1.7392599639212805
-0.9049656767563963,2.882276367808334,-0.8687763509936562,-2.042513905979356,0.506264624929445,2.6541108164898786,0.2685789781725413,-0.36278632753417217,0.46245398612712674,-2.333748585052354
2.014872115278024,1.259992382958432,0.972911070368237,1.0259604606317756,-0.964604793572232,0.5046770864172253,1.0717319975867623,1.7275520426206816,-0.9703839817512533,-1.5214876380019122
1.040816756264046,0.5546654791959843,1.0719653675991272,-1.1203231895021752,1.074510805066391,1.8290639360795378,1.502410906322505,-0.8147181812341315,-1.8387767179789956,0.5748389384130176
1.2428547133112873,0.22259977310752177,0.9230132368944995,-0.10821086565017413,-0.05101725807843671,0.6002905448445914,0.6438028635444696,-1.290943250325217,0.2965513214313054,0.25959469847810995
-0.08017005334475713,2.7087110112411503,1.1315784515395242,-1.6134021365054778,1.1831213894987476,1.770679696550716,0.9456124869788962,-0.07158347160249723,-0.9652763395995575,-1.4468508455535583
1.5230467821043432,-0.30670350386200895,-0.42026860559090073,-1.1385643295603953,0.879694445391214,-0.15786183081393967,0.16065739932674694,0.6720349456554423,-0.2520759659099736,2.4626287835608305
-3.290090701952197,-1.4658620810309309,0.11159971690151374,-0.754055743562692,0.8428024559392331,-1.4110714899752006,-1.9281874407449378,-0.6935408894621853,0.11831114811666943,1.1668611719031872
-1.2623419394652782,0.134375187082588,-1.6051514301799923,-0.811401715998065,-0.1758473617980605,0.327416651197461,-1.0467577669114334,-1.018936670392648,-1.3316181162114358,-0.31237487247880014
3.7252882545963963,1.644886664619952,0.06835044365313032,-1.154861251192476,-0.11308100846240876,-0.4162964215257219,-0.06109206215588242,2.5403910976814337,0.5900047611044712,1.6646508612734554
1.5015056223192758,1.4608200265842652,-2.173768904413992,-0.11126771956252157,2.0641709099584036,2.4401426675908535,3.86191674221397,1.9127268503065222,0.6953772364017292,-0.7674028641373809
1.8009431955995008,-2.491864670613829,0.8077734312917834,-0.19299848341308834,6.036792892920811,-2.6424177759457868,3.9838617266491667,0.42131979423243604,-0.23328856174639337,6.813719733768219
0.449107596537184,-2.049479758966008,-3.031193832490089,-0.887568377765257,-0.3966286295917063,-0.4117098309519618,-1.3973248810735257,-0.8966664943333816,1.434408045034828,2.867511591686463
1.2232096056493722,-1.6570578294559222,0.19376457864482052,-1.2946922884328422,1.4540799652310459,-1.3556960502474562,-0.40315581662651556,0.6883869307128097,-1.9094710179012568,4.407304785682056
0.11485458221162148,0.5264332622637153,0.11458061710084447,0.8053711050582308,0.4047505894169724,-0.3387368591647162,0.9278205858738722,0.8190549384206998,-0.3673558087682479,-0.7909136306883104
1.9334260693589767,-1.8387874553496157,-0.6267922495600576,-0.5619525086924487,0.9676644316010501,-0.845580018520371,0.32458267993787515,0.6134719366917785,-0.4764801304514311,3.900216447099565
1.7643821673919793,-0.8812000359271916,-1.062507575510301,1.5586663878645677,-1.5713924934133385,0.02407536137702504,0.4477540832138148,0.16306634388557767,1.9908946329442072,-0.21122675236728264
-0.6122143896509746,1.7409103877686416,-0.2564025555322961,3.059851372867029,-1.440799582601403,1.4362066586151006,2.196909583318255,0.4313450998777634,0.029268983904826695,-5.704896016408599
-0.27098872477387603,0.5546100036581392,0.7951868616415204,3.7359862890993663,-2.1386075415226777,1.5557224513193029,2.2492975276297593,0.6029641034412616,0.8952052350186248,-5.364058609449644
-1.0799691054059504,-0.3805073104261435,-0.41688528005251446,-1.785512202567984,-0.3218080666812597,1.4493479200481316,-1.3061188812324338,0.24475032668477395,0.40120716348299545,0.5045196532315257
5.066061280449542,0.7696447910247073,1.421582856672674,0.7585894756873035,-0.7941962844277018,-0.04504802759743187,1.5766355068132192,-0.31022100724973456,-1.0859225292896342,1.088033640659107
-0.40128092833700324,-0.704393778210132,-2.785405872725681,-0.22779375906743382,2.6712774066136227,4.119326441775765,4.585538599496722,0.673636365708623,-0.4490036203715331,-0.3084843089835412
0.8597287510720817,-0.25829685308597616,1.6440967778524607,-0.6335651732417038,2.5483834522898805,-1.2985932991302338,1.1803641042343485,-0.057827508305891395,0.7999112816883867,2.782735045232675
0.47985085514856496,0.7045043476216726,0.8491426059321912,-2.0563570354434013,0.37424442955982506,1.1432900694727812,-0.531649437286758,0.2735287711417637,-2.184492735051809,1.004229152018993
-0.21828145831406232,-0.05027413713313411,-1.8914238918499067,0.07630069755132918,1.378577055529724,0.9795181636652314,1.841003619517627,1.1864610373303244,0.6870107094481968,-0.07842794424075056
0.29593612067824815,1.715081246645636,-0.8878557074772063,-2.0149144873104072,2.0426890085021396,-1.8460963364045364,-0.8413447216423842,-0.8605072511002159,1.299176580869636,1.979734831552302
1.1850497719246877,0.1418898417869423,2.4388567065792515,-1.741010789615265,0.028071071042541362,-1.9326550082113527,-2.304853615040836,0.6694380133932271,1.0974298314165813,2.9074702294288817
-0.13583696902848086,0.16873813203915633,0.8628761738997408,-1.7259481552647364,-0.5946020372848466,2.261355030185284,-0.6533161710928076,-0.022468976674567223,1.8920117699896957,-0.01035523618218649
2.2091836354023657,1.8847560203767264,-0.31487533206307944,1.0696216250450292,2.105727951559035,1.1998603474784484,4.407573121760663,0.6291750910507029,-0.37656662149101106,-1.1908438966695878
2.7876028418195835,1.9880432927488751,-0.3266785659089869,1.1266803898452895,-0.3319535425413507,0.8073040985734943,2.215148865979577,-0.34598083090249077,-0.15250007015031203,-1.7487304854971102
0.6564501396109288,4.585218205604704,-1.0460790158532527,0.32156832995355944,2.431752377494073,4.928960836848006,6.0892028609296025,-0.6342131936855273,-0.7703260652176505,-5.38556429839237
0.5319427203112586,-0.6995026344627469,-0.5966033549083545,-2.1609530730205146,0.21912727662383702,3.647354878510691,0.7075973694010168,0.49549866914018087,-0.7689416248939225,1.1509903775617105
3.107747834982756,2.286464233973553,-1.0038497270308853,0.4315086518352822,-0.4560205458363733,0.7088886372100165,1.562913577749029,1.8166061635554727,0.032254229060957,-1.2470054518655485
2.0064724882903175,-1.501424113400782,0.3182655375602048,-2.126140459039094,-1.3980067394014415,0.29767136511173686,-2.395652808802405,1.3301593553547282,-0.028849720134268272,3.57177699248514
-1.1127336729738886,4.3811510371601905,0.749013955074131,-0.8682126756049392,0.4649945943056415,3.9196855971229043,2.0879169687845502,-1.8985230300645715,-1.2336134240359058,-5.388421355773571
-1.6551393359781217,-0.23180780249476052,1.4657172417040596,-0.344316568238376,1.265329649372192,1.564386556799112,1.2708208849445324,0.2789123650819429,2.0863754175513516,-0.6346157938294625
0.622860558100055,1.206239656102443,-1.0237308537471699,-0.18802193020799995,-0.4697907109425894,1.907637428445717,0.8921651987117871,-0.6159561935134188,1.9630858846815047,-1.639205341597872
2.1200808046328,0.640416278805031,-1.6891124539708449,0.9801418096761558,-0.885823244311316,-0.2307978905850412,0.6305180703827911,-0.1428665853419799,-0.48234157521273674,-0.5046001236413503
1.3421112011659284,0.4117161254663575,-1.6522992883621435,1.700474781515597,-1.4028035626983155,-0.3818286815763938,0.43450399479425045,0.09373330317385285,-0.11908614349605882,-1.4566887600160496
0.026983658506905983,-1.752968066869567,1.0627695995287993,-1.034784828086971,1.1115408327441003,-2.0745797573398947,-1.318011139710965,-0.4491317409544426,-0.3710567148003856,3.838135957180695
1.5087349757505026,-0.23434543824615517,-0.9083780929706866,-0.06974869182081023,3.224910885661332,-1.4016666711584735,2.4196715451730038,-0.8955045203086053,-0.5313715169669784,2.9225087548870263
0.6500057550801103,0.9160403112940967,-1.1488514099292881,-1.4924392276214087,1.0928419845921173,1.1481779192319017,0.6757925664927603,-0.5536951531354725,-0.9920435607771338,0.6875891859671596
-0.22858813191058247,1.6255595575249129,-0.024832667703754394,-1.8643167680918578,-0.256571359786252,1.0968572054396726,-1.1136512296786032,0.2608231676775328,-0.8981693831521145,-0.5704157957311791
-0.12259754084426788,0.4491521497498757,-1.3599691901191746,1.035291295398481,-1.478793670192821,2.6896088254857244,1.2423228642083013,-0.8959958531697858,0.3348944417522922,-3.152047278776173
0.7567530535788768,-0.8533422403460444,-0.5580863501366736,-2.336268138772269,0.5749054154326694,-0.2212317638161041,-1.4758254208378783,-0.44466906769890485,-0.4506790164977329,3.485205480450023
-2.765630279572342,-2.0053442265457426,-1.6007371559445422,-1.4423048122151914,0.5811627555730876,-1.3047082084278219,-2.5696730427754333,1.545237712763686,1.6918348375245835,2.370410307211454
-0.3029427939653758,-0.47379352543279074,-0.6031475670136944,-0.8560130287748368,0.9298051830594034,1.7288088161297606,1.0366072438373062,1.556300795515933,-0.6670414757886871,0.5392392630332574
2.5979870571282073,-2.5193024407538855,1.3655229804061881,-2.183397097341424,-2.079682463961015,0.5663352699765507,-2.780600965885058,-1.110587358690043,1.2888800020518447,4.46289290803788
0.4414888641287563,-0.22710785165416225,-0.7901701308584828,3.0626413023572034,-1.8860852543014097,0.863609554026653,1.6257814645084345,0.20441437150141376,-1.7001760126188237,-3.2959583152038
-0.6494799821575798,2.2021352366168725,-0.28491234787746483,0.3947508747249089,-0.44498726550790657,0.5470509566533652,0.24675780097088781,-1.2369989013620628,0.30695075011252615,-3.0627431589046417
1.0367142998836147,3.398634358197825,-1.181286806672826,-0.0741271752902819,1.4793133924015336,2.2193834851996863,3.2325976433200236,-0.7574307747527896,-0.5355570796987947,-2.8854208331559383
2.0442212747318713,1.3335810104954267,-1.0979885674197973,-0.7380311160882005,-0.5350881090344632,0.9113229092022447,0.19419151615141608,-0.18373327476680484,-0.6748784964301175,-0.0849888204997285
-0.20547434102808526,-0.2943823982531446,1.6625550811140222,1.8538561075886721,-2.1539304351272373,2.0082070686536584,0.8395649837953799,0.1215790005393817,-0.13979891901074912,-3.1732183515744956
1.6215460748731905,0.7745336218441126,0.29703947087987503,0.16045956089760383,0.8797116397283394,0.15498607159500122,1.5967458253011713,-0.8028080349487572,0.006964223441937532,0.2927197057350283
-1.1888422787517787,1.020135787063899,0.9714218648162062,2.1614990780507717,-1.6327881907576534,2.571362326128945,1.7147698828788271,0.0007209069359758764,1.2399368072885906,-5.197561660343413
0.4779442805013202,0.8060674176606348,0.45918016733486333,0.22653732953974037,1.5103227925735134,-0.9837481392865642,1.15191703038624,0.221567527608239,-0.798539514558761,0.36169104875106356
3.0773168545163627,-2.2494130277639077,0.009140675822632775,-0.5163583326946019,1.2328031215836908,-2.763275301841135,-0.26240066972277687,-1.167651782116426,-0.8374680161265329,5.823879984391485
0.25129321279815864,0.42501235641305435,-0.8344287335176475,-1.0367891281128192,-0.533156776627245,1.749809255579048,-0.17675351499601738,0.1413051241048105,0.6625625498799194,-0.36377043219650024
-2.8117089210017525,-0.7322991747148306,-0.01164554883416222,-2.034434146539293,-1.0709768053400337,-0.43141914147680516,-3.9401065560614725,-0.0023057873708272787,0.4464491988167305,0.7023291115742321
-3.436979766443589,-1.4958791291092615,-0.7815044632739434,-2.023818698706375,-0.7663842035698956,-1.5772867394123131,-4.6270323985448405,-0.02208631499157738,1.9888200537837943,1.6841031873918462
0.17591695347041347,0.04107818328775292,0.017969507218870237,-0.7427776427168984,0.7702493775815298,2.477717341052868,1.648734334198655,0.6909252921300084,-0.6473772706479662,-0.1676008088107085
0.8697494716722303,1.4238262185148103,0.2599579936436911,-1.0559490248072776,1.3865563669521141,1.6610389631314404,1.7459364285896897,-0.9458633078963248,0.2598832349192977,-0.15042201702684405
-1.2766970744717194,-0.3959955075148338,-0.673185236463088,-1.6433709070416604,-1.4411711780496836,-2.0631693351659495,-4.438836066897215,0.02497126237099896,-1.9080479405695796,1.5042797365322578
-2.1279639378229303,-0.8827420868177073,-2.725968850099476,-0.4428206899349989,1.3564265327606118,0.44796196430413326,0.3726294181390119,2.24392127550305,0.3255458153220719,0.328797882986977
-1.1363057457108963,-1.4280432461299264,1.118183017150708,-1.3508876982700877,1.0160771652545917,1.0234601158396563,-0.0909378561375441,0.7064847605814564,-0.4222099256177997,1.7282721511289956
1.2158454158856162,0.8966617265856464,-1.4135149731971948,2.9469759568021816,-0.8384805845399699,1.4670879683456017,3.171909857036504,-1.8574787826634034,1.7004292964590926,-3.6735149756530823
-1.896377526852552,-1.0744677093630335,-0.3651826162937345,1.2231210065558895,-2.464339593871255,2.452273427334778,-0.30358026807299454,-0.4089418892412716,0.37448557759128565,-3.160047639144117
2.8024206249979886,-0.9855142531176195,2.177052647488376,-0.34863483854653965,1.1640610907979372,-2.9926966461211273,-0.3118984936900584,-1.299637669862416,-0.3551165654431084,4.490269290569238
-1.2983389971172614,-1.4144132169088064,0.7142364826939283,-1.2490175770229275,1.187478875199615,0.9916326210451398,0.08136559265276344,-1.5241469070460152,-1.3360028924349279,1.6208971094397977
4.118977057502468,2.070870196650416,-1.441645146510813,0.08108827384981854,0.23880155281603055,0.790373030332116,2.2361537119980954,1.2715241476539387,0.9502571938685426,0.005177931199218931
0.7126525156569067,-0.5605026477921242,0.5058619098405933,0.5170327505834704,-1.2798293708168285,2.015215101145462,0.7378026990669231,0.4861712414658739,-0.3985069178825137,-0.9772030139066271
-0.1624927474166844,2.4387787498575735,-0.10213305824070133,-1.4508073089561948,0.5149412599004592,2.2572905953372278,0.7435492756993923,-1.1766718290700633,0.7980598733523421,-1.8647379279257668
0.5823945420044385,0.9052120462129545,-1.4824141410588727,0.3031383511439427,-0.9983904304495637,0.9065544643977909,0.18472301688879872,0.6412790194105757,-0.43958027556224055,-1.5472486971420718
0.38860023726362747,1.0999847678195633,-0.9182033728509937,3.410946881909718,-1.3244925435148924,1.7216052690802333,3.051154230559685,0.9007077190419958,0.810577920330005,-4.992463418064777
-0.15570020048517574,-0.8925763365425853,-1.3344540811529162,-0.5331934282083779,1.9506861614952768,-1.8001285515722705,0.049456801049393144,0.337087292733681,1.5313268023142323,2.72986912212063
1.0598636501071623,-0.14196548437605827,-0.06829514729013947,-1.5235791718868175,0.8396186832771312,-0.32062030459380164,-0.44467908194442624,-0.31997652935102444,-0.21969602421644946,2.4606699375219963
2.047661775172344,-2.092992841786753,-0.17168507736928265,-1.612110965965121,0.7579030767944004,-2.127429184343494,-1.5571007600105873,-0.2617009938158365,1.8510541768497661,5.605698498019535
-0.25032984888418164,-0.9801232135935923,-0.8115535434762642,-0.5617007446763569,1.465365853683951,-2.06739556824494,-0.6139611001736593,-0.9058201794228425,0.7037228188992819,2.7251573556705564
1.1222982870765583,2.2959958773315665,0.5102763111691205,0.5167173960267901,0.723260200221526,1.7983839818718945,2.7475853094678464,-0.3003268458042405,1.456328471979585,-2.4528371831732434
0.4851875611875349,0.246050906565475,-0.7252436766377852,-0.48729791874705397,1.0802696860329497,2.7444798821657175,2.428276884117948,-0.09366232488927782,-0.04188005496506906,-0.41292985430349194
1.0552101894361647,1.02727225629051,-0.8789470032478534,1.851428943678267,-1.0390506893965246,2.4872815909819552,2.635599349316601,0.26047174907088094,-1.83356421398709,-3.4821921667820837
1.3506475561692857,0.21221318703067804,-1.2218070931634644,-1.2213272075551336,0.991526137794754,0.15770059451015073,0.3708680283679309,1.772606668314208,0.5631984034673122,1.8756444680211666
1.7854194565460308,0.3034179698492061,0.128628690654427,-0.15808031675583567,1.2457266253876076,-0.12211255963608347,1.4919954810107476,0.26723195084876283,-1.8033172536887192,1.3373351515303804
0.7731432838693413,1.1280353382856616,2.0026827664085918,-1.2115105579011716,0.9719911813491038,1.6599843754048775,1.1850664135037274,1.179259334610126,0.03053649499535071,0.04096382416116903
0.1870211369421665,0.22354079069941768,0.9917503454465558,-2.9404616194949895,0.7282828100882328,0.7657568645901061,-1.3456843870458508,-1.3943556666692327,-0.7874753048877546,2.3422133727477608
-0.17397318676493811,3.3446561485512305,-0.15554946862932667,-0.3191435076306941,0.6515729157045478,3.4644114489849693,2.6659394173756565,0.26390311721875853,-0.34876446469964173,-4.157556736271826
2.394748443059443,-2.6682572880374242,-0.4937275860582207,-1.9366490827944565,2.85090129899102,-1.0100611016323255,0.8016436602420592,-1.4239938496960118,-0.5173465729392782,6.841533149207454
1.8318949373026876,-2.692440752363937,-1.7179573137198072,-1.6483423873720846,-0.9268621674240438,0.02292914291257886,-1.8751023628934556,0.0907909029671071,0.5665119294411894,4.4303522303598175
0.9830320009677809,1.1906875448838652,1.123053197526463,1.0304275429753178,-1.3515544406648314,-0.10526917848466644,0.017094048227520368,-0.1448408767357999,1.3156318621882446,-1.874415163541759
1.6743954367904768,-4.200337807107876,1.5321637696085468,-1.3438807338910466,3.1178554782654047,-1.3333100503315043,1.0100883220176418,0.14903970062499755,-1.178669236297522,7.5604323516454475
1.1762704805379514,2.259127103960655,1.2348790173863373,-2.0447031585426894,2.6063698966253566,-1.5438235277948693,0.14661799038987444,0.19796609997355485,-0.20813209608425548,2.0600333840132836
3.620487686743051,0.8031492574813893,0.3596491578821158,-2.1056093957849433,0.13213843462720276,-0.12233915457272282,-0.5804667609849166,-0.7058790140602149,0.7376259301305021,3.128859248765172
-0.309411874118497,1.3211787903562882,-0.37827654457740845,0.2423219953036989,-0.8028650037576692,1.2428246962719858,0.26689641787347185,-0.10868771658665245,1.8090667486444099,-2.423218704885566
0.46440381919215823,0.34343391369381093,0.23286061196457572,-1.6906809059121521,-0.8047006924552893,2.2671170989084555,-0.604757937691567,0.4106745854198008,1.5147146124944029,0.04288194588428766
-2.777036026820601,-1.4670959344822159,1.5316424661490369,0.5902634549988415,2.295746448281566,-2.4181668859493795,0.07753322234647096,-0.4693981624354753,0.005370378836003093,1.2945856322839218
-0.1579545247667269,-2.1564718167049652,-0.8650096430108425,0.05791387951632543,1.233521636858189,-1.4460883489409018,0.04233254207630246,-1.7665987194139492,0.5136350338651522,2.9137664923796582
-0.43897449842514047,0.6930320787047781,0.9692305876119747,1.1375239771558423,-1.645341121546624,0.38559086722756397,-0.33501801030377265,0.8277079982342662,0.7283452130695429,-2.6184064875245823
0.770464019458624,-1.3529430148983053,-1.1101887981524234,-0.3873977564593769,0.6579071339160147,-1.0175380921209798,-0.23938045041522493,-0.6170782092104371,-0.28680540933353904,2.663212740015619
-0.13262543047569553,0.4288004478060864,-2.8529435035996533,-0.10078031068287685,-1.4192268945769038,1.8622539695088265,-0.21050142257377805,1.0475136370876286,-0.5032436553016811,-1.7575347628226492
-1.2010665994408183,1.387248863103885,0.29556060178674576,-3.356626289099903,-0.31815233447999014,1.157425823191911,-2.7519932135487775,0.061908104029996795,0.7353411541977961,0.35419444124444954
0.5193544907269603,1.2968317502778277,0.5488358830184624,-1.8444612782841086,0.8906194096224259,-0.011294483101240482,-0.5458096649196096,-2.0194061287908016,-0.07497925907755129,1.0443343721139184
-0.17647441624581273,0.8123998121845231,-0.9039121651626768,2.527441672825608,-2.3508100882080045,3.209558433514278,2.089470708952237,-0.4918786920496538,-0.5289225023853102,-5.351141042552802
-0.5137552533581919,-0.216414192715076,-1.7612425786366435,-1.3523111538498243,-0.3447430256806667,0.6167769635912368,-1.277915114331622,-2.0739060049716462,-1.7043667082962657,0.665840473156375
-0.3055316824476302,-2.6634505371175825,0.9238650159641746,-1.2579911906727639,-0.6074092114806893,-0.8716566954909416,-2.479785319369008,0.061086172598312574,-0.8018621768380816,3.464584714591253
0.19955039749662007,2.7093463432598086,-0.7447569552398373,-0.832277732976749,0.8994051238369948,3.619343976146881,2.609025673239762,-0.3054700292478684,0.4350783381858596,-2.932515616973471
1.753862817129373,0.31748127994314124,0.5146715543882295,-0.7376404774464893,1.311593767004679,-0.2787779648748179,0.9415317186095423,0.3751690140584689,2.114414834308793,1.9029953190656215
-0.5586015945828606,-0.5976600722183671,-1.6227484053225147,-0.17148205060182298,3.0145504666807255,-1.8653157459989673,1.172951876785191,1.7848823990323515,0.23846514032379457,2.3684975965279014
1.2057923307824971,1.4759637054970343,-0.2929546157635447,-0.036985428584307534,0.42668665944508977,0.017726477707986188,0.8553624697905272,0.41298056552504697,0.38547307045695217,-0.4878682887977644
2.2772776117488878,1.3711056283309184,-0.9883944384668729,2.8567520504173958,-1.1841395149014158,-0.9428899730852243,1.6535593842709464,0.3438678131479371,-1.0974395765349592,-2.4631534861214215
-0.11877346584819182,0.8347325501823566,0.0025023003171226327,1.79667256263898,-1.3110505755007418,0.9552400100770242,1.0040268851241458,0.3260443763658592,-0.7695934645023071,-3.2798350754879535
3.0696980957941986,0.7482212987958331,-1.2231388144094233,-1.3012535703052701,-0.954451631601914,1.776710656865553,0.1472610890638447,0.9387236162381593,0.7537356371784484,0.9080479735094404
0.21083604168395575,-0.1276456203669467,2.0548546198131667,1.8125219984586776,-2.5234067186189435,2.7508919332835506,1.078916161890173,0.9739051199932285,0.08823575388594865,-3.5462708486888688
1.7674236279853939,2.59890684035246,0.9605779037089842,1.3394193378463113,1.2011659795358258,1.6352051492305282,4.015944251431395,-1.2386461271140756,-1.2584148305649208,-2.8316009726486957
1.8181826191509898,1.6084825556279099,-1.989815518799147,0.35056668553997417,-1.035452051044748,1.2206684546071869,0.8323037505976533,-0.0353900781738251,2.091576369778548,-1.7145949964293288
0.6294061918014073,-3.8827572356686666,-0.7249040318247932,-0.6450074077925869,4.586175383880743,-1.8879316333661,2.2833021276633114,-0.933753736140097,1.2502869129412333,6.924858290362698
-1.9586378375181765,-0.6774183347262542,0.2015801141995924,-2.476160787256318,-1.8542418304699626,-1.2272329736399765,-5.248666802601873,0.6366701536958324,-0.5673638056071065,1.5650218931543012
-1.9494736711009324,-1.6392737763925607,-0.7875678697260957,-0.45283922110722974,1.4359007612491976,-1.7956729589099951,-0.9636589485026708,0.9527596891941905,-0.5136113022139397,2.175667561886511
-0.017217566486744662,2.5604758494394817,-0.18018083137286922,-1.1487433700816814,1.051310981487338,2.5338976617248727,1.7146741700829349,-0.6564299636141256,-0.26017534979559415,-2.083707240078917
-1.3642315206243363,-0.6270673032521852,-1.2645851145979052,-0.1726082324072188,1.4915857493381202,1.1709021818159575,1.4396066091923507,-0.21540612797099312,-1.874728280561408,-0.008884077302680178
1.6252856659220911,-1.4957764854156506,-0.7296336453351577,-0.8169870555321109,2.26563206787285,-0.4475874513214163,1.4449595564362445,-0.9780883762484497,-0.020239721297646392,3.9485350835646384
0.591247345502306,-3.2083842651347,0.4565998486985019,-1.22614080524334,-0.5715977761359372,-0.8834758852133163,-2.1856104820906115,0.531665595938595,-0.3421465631234604,4.418355143964553
-1.2158643995226863,-1.683521125697516,0.0021462821265419876,-1.7336538549292237,1.011337872742219,1.5034819143618336,-0.17304786843907433,-0.0412437066390535,0.7544756997706997,2.0173916245468253
0.7773872511810979,1.737380318540827,-2.3882924507511794,-0.6226196600552965,0.8379514242934727,1.0013485334758108,1.2134641292373698,0.038498485695272235,0.7454472820569326,-0.748794601914877
0.6987718242416104,-1.5710617785045204,-0.359498776645418,-0.09328361462368795,-1.2184578145968823,0.7282426960666983,-0.6200343485753522,0.9916471684145696,-0.009698662182608321,1.058148893966241
1.7881388341138673,-1.7217291980259288,0.15359913525416638,-0.9067993311743525,1.0366268621902495,-1.3615558789605149,-0.2712570143672829,0.6109643442466431,-0.9545956492889311,4.279943547467878
-1.6230443287100111,-1.4262210544408733,0.47404231151220627,-1.6230575459252705,0.14557346205804722,-0.18739197698581123,-2.0164468955698127,0.3176463690106352,-0.567917478585953,1.9388664894696248
0.16063568660779692,2.6435239534303703,-1.7091635551904558,-1.1725819888570035,1.7640681093034782,3.2501920224263325,2.842456086121495,2.437242575924219,1.0001293357539816,-2.1093598088126475
1.5012532270411647,-1.111718984780771,0.4349370541780767,-0.8454295085148154,1.098819439309711,-0.7320220130911899,0.18587692841979395,1.2724965439077798,0.5488278614010552,3.2630408864253826
-0.7664278502093012,-0.16381784341180616,0.010933013243189653,-1.802772278009371,-1.3553281905648196,-0.9411941176212555,-3.6223461592778126,0.14986709138777748,-0.22937568736475464,1.2179988646251283
-0.04578903526978095,1.1531233488548627,-0.16898649815484174,-2.1178548282582863,0.6970919389253378,2.2150108196566887,0.2405113003945129,-0.6181731623472644,1.619813234242322,0.0010726593468000337
2.0455912976325696,-2.1921244427596216,-0.9057893786017872,-1.1010902780373921,2.9644230943657566,0.07921712303206485,2.233407621122911,-0.6434350670302766,0.8348285011924532,5.0513878096178235
-2.4250308051557696,-0.7605010760102455,-1.248270509868803,-1.2708328651819656,-0.43899881646384253,-1.6630625422469434,-3.3572273862291557,-1.3012526243920979,-0.3002647179188309,1.0841132164059422
2.207793349513514,0.38282390685451784,1.7675023957653402,0.8956510006692953,-1.1463547805290661,1.7828850350778596,1.585782619409861,0.48809538137918235,1.2277999878516854,-1.187358507509724
-1.7802022292166293,-1.0751557315924851,-0.9328631117935932,-1.1285093857511774,0.3925503143999852,-0.41984327992652526,-1.533146282392234,-0.9969069603303903,-0.7749165337272668,1.3179411047047345
3.608380748116966,0.47231043329494615,-0.5115852052062981,-1.5114708331592572,2.7933099830206043,-0.21001424988508055,2.240237709432153,-0.6866592091733184,1.5751373210879114,3.9374267249911905
-0.7194756824959903,-0.8478043221305497,-1.116865971932945,-0.9855619488970696,1.3310745969146205,2.3646980432368068,1.5203396995941993,-1.0078023315985045,-0.4504631508837254,0.6155739227786379
1.2583413368754193,-1.4255320138838388,-0.6643822914959687,-1.6095616215457293,1.1847980512730065,-1.583085698344538,-1.031083658989251,-0.653677053748058,-0.8605465725486288,4.495834789598807
0.2529477266768896,-1.4334563483330305,1.3404064201142178,0.8823767771146989,4.375753059473867,2.8482773420403555,6.438453339276305,1.4590223482918887,1.418918071912684,0.9588631778591374
0.5985993802303466,-1.318835405329959,0.37171923869004314,-0.8708089754203532,1.3750886068026225,-2.1939769839026635,-0.7998176892580446,-1.250025532784049,-0.892941968129662,3.7692094887831065
-0.578701583259458,3.3961104808462586,-0.12452242443886458,-0.7965278526690013,0.8646458788450205,4.12237945442617,2.728727148481284,1.1917378358214277,-0.06771719735270462,-4.234821635761064
1.8536867806096642,-2.80244725081031,-0.17458772422775815,-0.9735580562071975,-1.7069505531546576,-0.6675630478985612,-2.4211702250063256,0.0314270093538459,-0.14736013475628804,3.9902033600049487
-0.01868796015471763,1.8277647032624074,-0.9959479907832324,1.7852919469856203,-1.911700526909497,2.0358699231826307,1.2355023709063724,0.23776116459489285,0.7540621272311238,-4.824690038245891
1.4770654246243917,0.8926936350364487,0.8157651649899932,-0.19361406172346762,0.5578302688590266,0.8040694161440183,1.3681740103660183,-0.40091519354412697,0.6611027776811732,-0.006121063387198449
-0.2957269089272665,-2.017678673651609,0.3598539647549959,-0.7490362588049284,4.047182900418969,-2.1154804377607754,1.4174093819388243,-1.0079942388684906,-1.9004897060177401,4.767767842580029
0.27838450759511846,1.0658279633802807,-1.7249168959418097,-2.235666552795251,0.7151073004019334,0.7312485208153647,-0.6741188515855767,0.5983301738078541,-0.5242827429098788,1.0476099591928825
-2.140411659149887,-0.972022091585097,-1.7732074077890467,-2.0907194169284242,-0.32525142913997884,1.4474759283559775,-1.955407597788953,0.7241672408771637,0.05769722216578412,0.7273709765077035
-1.060068172984391,0.5280022261856208,1.7015660700528568,0.6038162097885722,-1.6127508435089992,3.1410452797982917,0.7386156485566673,0.43866796255825996,-1.266896712926594,-3.6102466147949035
-0.856856393209739,-1.6484701053752184,0.09130117105966842,-0.379011217140347,1.7979799120220865,-0.6482536805972605,0.4846444984266162,0.5800728940775537,-0.38368425507628,2.3049400319932736
1.5875844658345528,1.4194336237247849,0.3114883770570639,-1.3305031362435347,-1.4066181039128458,-0.26160946029522203,-1.9707449245251667,-0.4413587915148518,-1.4414021873754232,0.3240485605475043
2.009221918945861,-0.6353698274233974,0.3738371450016698,-0.6949940088593742,1.0819444089288979,-0.7749706505320935,0.4713491278194589,-0.5520436151630664,2.3517718389720548,2.994463651778858
1.2820620293679459,-0.36022541653919293,0.398062174853005,-1.5006709001760996,1.6966317999957499,-1.1650435925224785,-0.12802083861363403,-1.493430736034726,0.08724143782060971,3.4641517769862675
-0.0158712257841247,-0.2752442335131109,-0.7186870441488834,-0.43890181865676525,3.7826705221533827,-2.899224386159529,1.182239247876782,0.3492255625444667,0.17688583943000827,3.3660969127394784
3.80891904909578,2.3319054327444024,0.6604209359413116,-2.928193174704786,-0.2435026290194071,0.5676651789918636,-1.0257854483804796,-0.8908042657446247,-1.1429771408530993,2.1163575199470706
-1.4776934183938362,-0.6529585058279691,2.2494375841962904,-1.8557337221834906,-0.7395240311375748,0.17331184370826513,-2.6833065239662464,0.553001671903652,0.5375853070438055,1.0317434682671778
-2.8639382549042818,-0.5735209740244387,-0.6644371821053475,3.333676427643586,-1.8582914883450465,1.601008689483202,1.274759345268629,1.143319823961569,-1.498368985465836,-5.313240712401777
0.9850725348498415,-1.9414834776430354,-0.9371511578343222,-1.2936814482915706,-0.0727891655955879,-1.0512786828473755,-1.6800484168467567,-0.17249603439745628,-0.19542420296937088,3.8230198861459836
-0.4436560752705756,-0.6393919748395211,-0.5157673445295374,-1.102410760968793,0.5850884950795832,-1.740465938059447,-1.70489209336621,-0.9996488843142238,-1.2634031625456064,2.3042939896838637
-0.0900991202478334,-2.7499747150084364,0.04011908243657868,-1.6779363878766833,-2.0666050033513597,-1.1209132721521702,-4.247883408250018,0.16328605308013255,0.30500054520972886,3.5895259917495097
1.7508965465397521,0.7322903293235785,2.0267396784843514,-1.288947615804565,0.2513626583219284,-0.00632214903588546,-0.2882722992104703,1.1425235608781303,-0.2705148819041963,1.4850582201887512
-0.6414159694809509,-1.5110475615001584,-0.3034836298567393,-0.4187401760714399,2.208430074927759,0.9296920733929587,1.8800570827833547,1.0036907111120021,-1.9264549394595483,1.7523661024130033
1.9743568484658625,-0.0036845503881723918,0.8619647560864865,0.8552127253768044,-1.2349250541016428,1.2998582698502876,1.0670770290156144,0.005635830296852785,-2.2408467440227384,-0.7421493729094665
-1.62550587301129,-0.5221514165916048,-0.5038392538876807,4.843362462447053,-2.460588711634629,2.7246115957767034,3.1397210519988357,-1.8614844505554886,2.1597392606609995,-6.741285771936641
3.531633763176552,2.8188546789237803,-0.8394815912727899,-0.7480705946280974,0.24795224527784754,-0.513231488047063,0.584031986377751,0.27835816644536276,2.8917029899567672,0.3474503812992665
2.570354442858735,1.845072882493299,0.5052110240856904,0.36017757003689754,-1.0516611439614054,-0.24569947292216776,0.16829940133678672,-0.4045549175583959,0.39311465605803403,-0.8583374668617769
-1.083869468920435,-0.37979955141591926,1.6216475959513212,-3.169162996122974,-2.6899799705688827,0.1083702424548938,-5.469361067808757,0.3180681628612475,-0.3320847466741954,1.430925416984674
-0.049520794082670405,-2.1398597126788212,0.1995073264388884,-0.4485820351708415,2.8649685745497915,1.0269912014142388,2.6430972607625525,1.7693373234006244,0.05641945327380404,2.8517060484457435
1.1276861360528632,0.8214939970979032,-0.9798387725414921,3.335621096337427,-2.444409555400454,1.4663339011847152,2.033777984800815,-0.014977773629630677,-1.1017743629397738,-4.584788259311917
-1.186733976691189,-0.41865572285719377,0.6528415343211572,-0.7998708749852959,0.859118785440932,1.7851922483703793,0.7820329477104689,1.019343267248685,-0.8125757823108081,-0.081276835482088
0.4738745636859929,-0.058786688104642604,1.9256261274619442,-0.845594529814345,1.6957170955934275,-1.0135255859663126,0.30186907011731706,-0.5721519329225444,-0.701178651923643,2.1322891979741665
-0.4308196013078661,-0.4782087324307843,-0.46621078219393086,-1.4433402929488641,0.753402544242825,3.0753617713857504,1.166510645838146,1.0015304243744003,-0.17448450661702508,0.289173197649798
1.762284027008224,0.015845807301883452,0.39015394001345316,1.7255809018232626,-0.7713671430011932,-0.39157466822121423,1.119542576444988,0.7506927951289866,-1.343470279529558,-0.6628548796428226
-1.8010990835611742,-1.827840559246357,-0.19714738095841286,-1.2426555498930019,1.9572301385239719,2.215534171851501,1.3498672912592986,0.2876976070117176,0.4126650231818217,1.4339769853534707
-2.159454377492697,-0.9520210357669637,-0.9798657956974325,-2.9738353473735057,-1.815487663137322,-0.08193526389536587,-5.0168278748004385,-0.266613013279537,0.5959313470391664,1.6128113800965935
-0.4638238414969029,2.6154876178571573,1.2551054165830837,-0.533453900715031,3.1512472321513645,-2.519343328232652,0.8489353617933257,2.406122358003271,-0.5243486162483538,0.22677756215078892
-2.0296814774845933,-1.2239540900269654,0.48033504695347634,-1.213911530532168,0.928218424628029,1.133336625109929,-0.2491053255817039,2.4261928146830667,0.8729328675754577,0.8695555187107679
3.440339004717403,3.3246353538576625,-0.938954147968868,0.4428518151826891,-0.4264948104697157,-1.1062936572352036,0.6527447696025508,2.2383531617708616,-0.3956003732457072,-1.1497388855215835
0.9117612804142561,2.7613002196521124,0.30983759319992266,-0.14301388471957888,0.26830894876243905,0.23743457396898504,0.7631414234761643,-0.19678094887698314,0.8773505067396974,-1.8573252844576271
3.080553240039337,-0.986728396132585,1.441805329015908,0.29912571654593134,1.6879437286128742,-1.0341016941149674,2.0284682156209604,-0.11149078712511215,-0.7180388134051491,3.369526135640997
0.9918120036536009,1.2964981741412536,-0.02675124557413819,-0.22909949442334876,1.1392741697508724,2.224087378222479,2.6213331693083934,-0.30965981218568894,1.5814637234833284,-1.035585005894165
-2.3246946181432175,-0.8923254026906451,-2.478638119127923,-1.4520343734682462,-0.19404169714590713,-0.41511993150817306,-2.495624531304126,0.10122772783489464,0.5272865396919498,0.9226664069720233
0.8039330878972819,0.4378538785518783,-1.0482511637190517,-2.0638976412689174,0.9832518711048641,0.4315090756623441,-0.35290519717210994,0.0945076530473908,0.15121834399513978,1.9773332416441411
-0.46567629855453907,-1.9025443517898109,1.3387779704210623,0.009802479646078055,1.9778110773830824,-2.079091681409695,0.1964614636907304,0.31238724341164475,0.29519306170841997,3.136017650061962
1.440137983935676,0.45809908887898965,1.4237540753072795,-0.8994233681833601,1.0073616801450247,0.47838316800348457,0.9112957287011646,-0.2110686698851943,-1.3716446439538834,1.2852988355855826
0.7963358871997435,-0.6163388420055818,-0.6999653360405335,-1.0919842155854127,1.7619240263519984,4.185036094715285,3.4451190128725417,0.6196631181624246,-1.6621147135514407,0.6245084655864196
0.8276872908156148,1.3361427684653422,-0.5507167881185753,1.4471646335564083,-1.2657106736429327,0.5896442707685177,0.8508012478877813,0.3066983736594359,-0.09634663149429264,-2.734878323813517
1.5463095826692013,1.993997210863666,0.41971082035867624,0.0010603045908841313,1.743455276368338,1.612500664891233,3.2107961026064022,-1.2221760651510125,0.9899490399685423,-1.049575110933425
-0.3900079429766026,-1.0159760604173118,-1.695962008377259,-1.4757463720549808,0.11074939836703901,0.22200658794610695,-1.2440071951002245,-0.13479985209347917,-0.14092592389881278,1.9014765655124777
1.7654009350511073,2.5453227885748637,-0.8177041519860727,1.0677505654585615,-1.1403689531426242,0.889596757026264,1.209213015154502,1.5457331421535163,-0.1520908861467986,-3.077276895054627
-1.4275299417148402,0.3757213462149327,0.517230050277387,3.1396637023475775,-1.7929103956959758,0.8650749771843453,1.2327250379072459,1.544984795382366,-0.30867740967478285,-4.8598299033101
-0.07969275943199139,1.6557555462248945,-0.7723178427228348,2.0852152164278475,-1.7794425842694286,1.640653233149263,1.335988968278188,-0.20318073662088057,-1.2325760546154823,-4.729259830797645
0.5733799498645167,0.006284410768800264,2.81598590372273,-2.014225309233413,0.9335479325780174,0.7354221004108026,-0.2708179581314133,-0.8552063823110898,1.5984264553578396,2.0361538008853675
-2.4905082257643394,-2.706659314325317,-1.7768256615760247,-1.0317388395922908,2.5082092729123806,0.6538148917857242,0.7698734451675937,-0.7295630157376162,0.21081507795919088,2.5966419432228953
1.0916269286212334,0.2644015036694036,-2.0346816726946724,-0.2915622462161691,1.45876398678589,3.088376290057495,3.3451148645508946,-1.101483756976957,-0.6039798866072239,-0.2929808157635393
3.6437438158855047,-2.3618153646414815,-1.2192863858260627,-0.8481586250523625,1.1261596179816875,-0.2937918862845308,1.0625379392335486,0.15984057716539674,0.7881218046934625,5.3252594243049645
1.3636531549494706,1.3970427130486607,0.3788336326894784,-0.17481537929178337,1.2309667897022307,1.097662045215939,2.174200940071364,0.16851340233342924,-1.2566472506290483,-0.4168597569045401
1.428819890670472,-1.3292380167980018,1.420618292774008,-0.5604388360589504,1.0401754315516023,-1.5190321208411635,-0.14908956358351266,-0.40553991406707834,0.8630607812527138,3.516384568759719
-0.5279326242683451,0.9162764812766022,1.0994870253330813,4.490632851405556,-2.0520881450237116,1.3062768852509818,2.773056758651633,-0.5483991391083297,-1.9076118069567995,-6.322801826655152
0.8397597169128039,-1.0827220706922982,-1.7580551914371976,-2.3490584197369495,1.6226675414718734,1.7325498074306382,0.6793293759149478,-0.6302828007794473,0.2890220506054031,3.2279801575889175
-4.039090993632669,-1.933390612335021,0.23005561154550086,-1.3426869532885415,0.8013899424593363,-0.8806350395246365,-2.418157859473919,0.5889111175754248,-0.4297759261530207,1.4277205547305347
-0.7100539147016187,-1.3011688317881833,-0.5414316450742609,-1.8058979353816391,0.9828939478462921,3.1619450341922954,0.960755076409979,0.28825157786932626,0.318372939514666,1.228913512669162
0.27612171201530433,0.5967046855427625,0.4615180463781133,-0.5066742721969006,0.847439077175171,3.2587691859755474,2.4835304910195126,-0.48495442679826306,1.8259972117410466,-1.1447240754323942
0.5140987470603666,-1.1021694895255885,1.1061868381238813,-1.3037400593259412,0.3000263237435252,-1.6050674170752826,-1.7839100552817255,0.3481068147147108,-0.6367951015495571,3.230045870505583
-4.661167604779565,-2.571485313220583,0.1949295738109782,-2.0742586856432372,-0.3992891438725279,-2.9906529085738804,-5.69047803776563,-0.4699825733300084,-1.5793656993630016,2.824108353122481
0.5939620026406933,-1.8539858846419814,1.247385291974663,0.3218228426340357,4.124509826480077,2.5823627709749446,5.636362051019515,-0.17115638675036388,1.3960213653814826,2.025801698010608
-0.11261128799391384,-1.6520830490501992,-1.5313406139581671,-2.231499053440535,-0.5702027453213805,-2.27281413641896,-4.026231979367475,-0.07685619004705521,-0.8706210231258847,4.167962839162148
-1.1965922003037468,-0.8678162629140215,-0.006752405155139963,-0.9002754405942966,0.4430273715158455,-0.5246592333904172,-1.1548398257774979,-0.3992821430855018,-0.640684993497601,1.315830014806807
-2.1606432710904784,-0.5569813250265703,-0.30755673518126164,-1.5361510724737995,-0.5766034202284112,-0.1340101790522028,-2.6595201810415205,0.01193678018138795,0.8365201560389821,0.5112987971157578
0.03064052727581168,0.3806656358264391,0.20946196973019687,1.2766121343593966,-1.2012402855242437,1.6521722640761198,1.0978659411202563,1.0886147013193521,-1.0401663052212893,-2.632210577148294
1.5789892691031273,0.20042996850470396,-0.8429055643243101,-0.2258844279104527,0.7691603701881263,-0.2503446064594703,0.8524371223457108,-0.14162098301052742,-1.705635950162387,1.2593094510977523
1.2256029136556865,-1.3898808745772357,-0.40677521629388924,-1.6064457977705358,2.5009435836205443,-1.0899773610767252,0.45251725417030003,-1.7654286975257067,1.2972492001860536,4.705105259075627
2.3874381081457505,0.5214501678620718,1.5538005010876805,0.4060669429820243,0.7969634803521886,-0.9156463853834134,1.2913945395388613,1.0909666745194195,-2.060443037409089,1.180697369266239
-0.015637606469394605,3.862396640041151,0.9572338077486858,-0.3303207892011062,0.5956972470390076,3.254941852410129,2.5650903345744873,1.5873276541102177,-0.012227585219925261,-4.447649066395404
-1.6143352562339763,-1.806500102434007,-0.6993034391025061,-0.13066474797872363,2.35834867003494,-0.8231524419947964,0.8429159892523961,1.0610866281588631,-0.638412418669539,2.1183531814794545
-2.9243453447439203,-1.8913258304500693,0.7186526282557465,-2.350081172832228,-1.6551086399735566,-4.34147718695851,-7.298062797917486,1.811496881871767,-0.9517444732917201,3.540630627594432
0.4456588219857205,-1.9847143426129454,-0.5173629891422328,-0.9642600578786574,1.6664297398197214,-1.7730678956347674,-0.45632129232174207,-0.032990302827250004,-0.3822522475718751,4.273325771169965
0.5436595879836108,-4.08759756209966,0.20788037677769067,-0.30933287845865187,2.109291375661824,-1.8473521989344222,0.33405920025413405,1.539017375255416,1.4586813374587233,5.832353090464792
0.1634490948689289,-0.9157977073038411,-0.25023616565707474,-0.24386767364332684,2.4425950933974985,2.0447453100973276,3.236282013112257,1.1504870500333517,-0.28699218579099883,1.0714504132644362
-0.1926987848027969,-0.5607235129670773,-2.0130006323096805,-1.5970187071858017,-0.1229568943734014,1.1829428496225802,-0.8634127783753598,1.096542795975214,-1.9316239771768753,1.1731322158281003
-0.16798034994178912,-0.4571063477821242,0.09636924005999573,0.9607817309402338,-0.6228153225382734,1.0831648628381523,0.8618169883221191,-1.2681436516314983,0.7839676512169459,-1.242490285665539
2.511560739225188,0.3802798581027864,-0.4564031828401075,-0.05851350316142312,1.738547306710735,3.3297122759747584,4.406272258833131,-1.4241224116579378,-0.5856218351657279,0.1523809608650777
2.5260577955538124,-0.3937149675074715,-1.7346403355315245,-3.2770443742198374,-1.5177316765979345,-0.8100060874171598,-3.9435928815467913,0.4886130964164574,-0.5129346017785026,4.321306945410093
1.3511168398978828,-1.0327015491079823,-0.017746692418393682,0.04978420553700946,-0.39963321495392967,0.4214805341332559,0.29514877474417267,-0.9134251263173027,-0.7329008084917776,1.2510813619088188
0.350607452153058,-0.18823364690484556,-0.6892040470850336,-0.029715172723073335,-3.3243534872309484,0.5887380111652465,-2.546522049167139,-0.29428061256134996,0.34003460920573825,-1.1307000960738445
-0.988019555103772,-0.35190252056164295,1.1616088136571376,-1.0401023028481535,0.4914945821707596,1.3671285462024045,0.05096176125168824,-0.7775331239548554,-0.3626028336796952,0.22867015516917938
1.2907637953880373,2.213647394526513,-0.5228525870362869,-0.8750582950458665,2.9612647884179992,-1.2194167379997898,1.7152781017596823,0.13281753341626526,-2.0129080438933564,1.1384521197315078
-0.5646408555493516,3.6386291005761335,-1.5224146942667398,-1.5417047692833283,1.6166972043694552,4.781310109034276,3.1902921949543805,-0.8902544200486536,1.4388263794542229,-3.828747577648494
0.6433866443315089,-0.4408377404665287,0.8108631155983488,-2.746841923635824,1.0015771416945414,0.3117984552173372,-1.121578860576626,-0.7743014221048545,-0.3941557711847976,3.3221484734796185
0.26175690425446374,0.16621933085916496,1.3882009388541614,-2.747271643178631,0.4294077986802055,1.0522590339453988,-1.2485372245028148,0.10525970102333389,1.2297551305579804,2.0229233506297115
-0.5353675773757711,-0.1894357433650491,0.6778539748410302,-0.6855486519700531,0.3036465324218226,0.0844468365506803,-0.4535149670010358,-1.2846395953877447,1.2920536322271228,0.5459239621440303
1.0736051314469104,1.1423170759907175,-0.2403008051482479,-1.1788560299090698,0.04896295398630157,-1.7543685050116908,-1.645984436828234,-0.36912727307249366,-2.0918640945508673,1.4006759129004438
1.934905884393594,0.29308557147527114,-1.3680741085319894,0.24473950370944353,1.6359048253064152,0.8520490842257649,2.8451575168647345,-2.4050695499102095,-0.32010047635008365,0.7734718174849248
1.366613827554107,-0.2650822723081325,-0.45127053092953,-1.7764569115231605,1.5427687765652558,0.5321508792853051,0.5856745245425463,-0.9844554964640968,1.3714747821409223,2.8168532185350688
0.3231191923740151,1.6249718100759818,0.4622624644542042,2.424827055560355,-1.2471183103233803,1.3315442837965923,2.0409459960673644,0.88323257530898,-0.8462132852877351,-4.43747900838837
1.611387806973639,-1.2053985868534232,0.012365095136532597,-1.5238650206258475,2.10305542546229,-2.2692060171703914,-0.43157847157014034,-0.3446612859620184,-1.4814469796527912,5.074592638473105
-0.3659341414447821,3.0713699860050805,1.2840410068362866,-0.9621914398703515,0.743525887901626,3.656978281372397,2.2287463207609512,2.0700263824782756,1.179913410425699,-3.519582590085094
1.0330530109797265,1.2639131645607913,0.22441720794411618,-0.8612743686473308,2.266123761382047,3.0981050177284946,3.6389995740417564,0.9480843874360897,-1.5202660808946518,-0.42773190537277844
-0.42126121251855486,0.43534606442912926,0.5173372946836405,2.403109466751759,-1.7299159979682062,2.162548173831146,1.7805533733599654,1.8293296635272782,-0.6288979540423771,-4.322644440435212
-0.1324383714583246,-1.2085412886278248,0.6301795923651136,-0.5802634317289275,2.59262099273732,-2.105512476681869,0.37781065637105177,-1.7151199546946958,0.6717424821918727,3.444256714039797
3.956627550763971,1.6912609378419532,-0.349851743778128,-1.3621425349664222,0.15441573329601654,-0.8914916591258937,-0.22032445270334708,0.7077148828661287,2.087993682510094,2.2446833328917295
1.4973384921806348,-0.029020176360282424,-0.3370574860446252,-0.4513920278932426,0.7186811546593221,-0.49259899577879174,0.4171772712913516,0.6668723450757911,0.588500786261195,1.7071435338469083
1.4935844323024559,0.291333843876561,0.1751749493090029,-0.7734517857274867,0.7233993368545463,-1.397447417094201,-0.3985772939438543,0.09315877991765241,0.6545057527231394,2.118396577675684
0.9779855148453886,0.7877654040308582,0.582680813015186,-1.4392569566151072,0.5878814622784991,-1.7000183833919134,-1.4116881441968343,1.4325861182252961,0.040614086965532745,2.064055868688788
2.003507672676358,0.458739559322203,1.0224482728559243,-2.1442139539787504,-0.45181124072971846,3.3423439878385097,0.4830791916485691,1.5721554799027153,1.1903520289564116,0.7823023492770836
1.8578602017567722,1.8090698650592074,1.4844590928257,-1.8389256111718846,1.792723766884549,-0.8317295965786193,0.21951998509727932,-0.615352766761434,-2.3384282002430976,2.0134336563434116
1.5127621501356776,1.5378685680525694,-0.5954232028760423,0.0730465388574032,-0.2854691448315486,2.4282277894307196,1.914929534973754,-0.43969995093580877,-0.7818468740233404,-1.8571988104709358
0.5480322407493041,2.504969056768815,-1.1815231616646271,-0.4175897353532848,1.1376076223616365,3.0828430456125115,2.943107935804007,1.6403972809330398,0.648943606259271,-2.583764651463935
-2.3168244366737483,-1.8378307361215156,0.7293118165382784,-0.43412588923425344,2.1792112063561584,-0.18888572943328708,0.5895013490841823,-0.8232102514740889,1.677789754745502,1.6717281583352017
-1.4424448946296524,-1.4303141546639608,0.37227461003854023,-0.4054582292949679,1.8414287333661776,0.18600241905770132,0.8520156490683329,1.1681684014540978,-0.9076135332330816,1.4508638542566141
2.2648757802500485,1.114615518488552,-1.3146373957920054,2.232805211904827,-1.6658712398622726,-0.8448514553344135,0.7171373753561066,0.8900101268264297,-1.9394054081418746,-1.9305331396938656
-1.4931549207498969,-0.4591134811612747,0.46957889689839183,1.1088578964443478,-0.9934305501898775,1.3688732859938124,0.41690113064060075,0.10103348798279618,1.7726916608999155,-2.3442900442831487
-1.2888568950120431,2.126732107002488,-1.7055515908996055,-0.7703177297423828,-0.5425710004499162,-1.136306921286464,-2.1085331524175164,-0.2759154704361769,-2.241896354774829,-1.591008830075407
2.2892032244574896,-2.645477464171656,0.8162218725571921,-1.4113324284247075,1.0859921453162202,-0.5675871965645911,-0.08246957234157025,0.4078100146177539,1.4072997065345885,5.451722787725192
-0.8340646959684441,2.5106588634435734,-0.9540544541045877,-2.3531274811149334,0.12560609966857428,3.47186798970925,0.16074579188321741,-0.6976164506090564,-0.525458414206894,-2.219757861743652
1.914748051410606,1.1599263086195308,0.492239464464855,-1.693740252468643,0.3638538781648206,1.3317893162664773,0.3792277447806191,-2.6756846490362367,0.5216912595809831,0.9608402061549983
1.7548329256114537,-0.618062885401986,0.7424442386469563,-2.6192350268351676,0.26087300510709066,-0.8002592191750313,-2.0307921066411483,0.299236461918441,0.7675900769499596,4.202432884159357
0.0834519239100755,-3.7713551520275463,1.4948228998923268,-0.22774389114941196,1.4212177234599221,-0.7583487487732642,0.3443883965379629,-2.103500091725501,-0.822335471352724,4.4746106858404895
0.6518396273382308,1.8022918714761844,0.9515573777304999,-1.237293011337526,1.790978655989861,-1.136737292859548,0.16871293011423186,1.4338344891601564,-0.6739213776630413,1.0011140675175392
0.05332636905870214,2.0883039879065723,-0.5123173104590947,-1.7620223552629417,1.127277964133266,2.7774591400139954,1.3885017546268144,-1.6563805271410255,0.33917757913548424,-1.1842058697637736
1.8441280311720867,-0.8553835276243584,-1.9286814348628423,0.28489542768292764,3.425904382590788,3.6336078589238827,6.103168413124475,-0.7882191047163172,-0.13200385285427224,1.0877607293466804
2.4444345704000914,2.327499041530197,0.019081627779767917,1.176980243252641,2.641161044816,1.845734997990744,5.491769315024727,0.4462018362894799,1.8534107978998284,-1.6518042597472942
1.5964906432442976,1.224927988524658,1.0823538731623088,-0.31772013008960664,1.7574639708660569,1.8205679184507182,3.0334761115061117,-0.26130011056889496,-0.7888492497413011,-0.15643467820817944
1.0659748636554465,-0.05935746659203589,0.7818798426041219,-1.4629118518998494,-0.713334922463897,0.047219508186401304,-1.5485496095395646,1.504942189115205,-0.0032743790558235593,1.5897317395613513
2.361698438882709,-1.9917542991349309,-0.5974382974725463,-1.2960149705820032,0.7852808574706899,0.2525689855382365,0.33136468396210317,0.3992694076141758,1.8103026100041621,4.317557361150524
1.6673684709043057,0.9754908706365923,0.13617467474782943,-2.1538628575358403,-0.21029209935158222,0.46900894303937124,-1.1651938487157814,0.6009383807117261,-0.0012678534874969358,1.574836224243834
-0.27556010651564145,-1.5064663797645998,0.668213254436138,-0.980852634265348,2.04189663592748,-2.5497747866000244,-0.8089186162243704,0.6780199154669927,-1.3477869752125091,3.9781462708898103
-1.7581303894807148,0.6988691428630982,-1.0642447119332241,3.707712529884496,-2.950068935288976,2.1066389798062355,1.3807960018208534,1.7670244943958617,-1.1187661628138466,-6.817850125818663
0.6551415505307903,0.8955356458976675,0.9958934155892449,1.3159076914977863,-1.6674046808998737,0.6820391351014112,0.3457644152626501,-0.691931322338641,1.183920483851373,-2.51459994748263
1.0472890397735048,0.3068759535034835,0.9533975332379796,-1.0037498693765288,0.5828175936461344,0.7969951656701966,0.5025138393612816,-0.11101346213176125,0.2046684378900608,0.9942992847734003
-0.15681618569303357,-0.17110562691705378,-0.38234194097565327,0.009920226299608537,1.4977112739775724,1.2099211953297875,2.0440434260327796,-0.29081461270758724,1.954711197261288,0.056236399586326244
-0.048063258804639686,0.4380600994316812,0.14376464310858494,-0.9149890098836184,-0.4492937906203869,0.5111693702417164,-0.860909293515741,1.284590718685139,1.315094010107804,-0.033631268885278974
1.328502813769254,0.7286796832784742,-0.7263593079771473,0.6941168645895465,-0.7341789879371816,0.22889954962442183,0.5613727714557682,0.50997691724033,-0.7313246069486086,-0.9159167895599466
1.7197130581392828,1.995753461650268,-0.7744616439243102,-0.12584599854170997,-0.37690866228025777,0.7199286536054494,0.6963351509968682,0.26427057306180435,-0.27870892421964716,-1.2248573944734718
2.4311218408002873,-0.8122317152475984,0.2262633165688082,-1.4620230814535216,-0.4732740885502401,0.2548397066965955,-0.8291217816014423,-1.1775186159066409,-0.18871159973983392,2.978732170446904
-2.0124673769017702,-1.6037630616881957,-0.06937836694032916,-1.612864957697768,0.21762700268699808,-0.9504461795188714,-2.5548107884182,1.0725207141772715,1.089787014204167,2.2613522327809275
-0.30993407421053276,1.0332196707262493,0.5394019882094079,-0.7671592258504805,-1.0724562857110214,0.8307281133517829,-1.1302075474827011,0.43129981306371623,1.820871810123474,-1.2095403812010772
-0.16497531429811896,0.663061707112329,0.6238959430765768,2.992847516620234,-2.2958886113061205,0.9096356721136384,1.1023216835471161,0.9733659524856145,-0.5762619290282722,-4.52456110800985
1.7055751915338386,0.25215915356496277,1.5812719516191547,-0.23200337549263628,1.1006809044757895,0.3769897256715823,1.5794109650784933,-2.2456704382724957,1.2079940398603866,1.118358062826313
-1.265784278782641,-0.8624781250675815,0.6589541347810364,1.7738861927706062,-1.5824143253861007,2.380223779258382,1.136604401247777,0.5624237301311782,-0.8527621652336447,-3.1240381054255413
-0.4847408552059358,0.4348353920653043,0.7295193509862021,-3.4264411137006974,0.42594595947668923,2.1214755069916613,-1.3904980717741757,-0.510120739478876,2.1356261011732305,1.472421692981876
2.7574456489524155,0.6297452064743996,-1.8155416295253364,1.1231947079892444,1.5664812191575865,-0.20078153172843094,3.1750673101988043,-0.6973091506990274,-1.6095209830809794,0.6203267974004986
1.1087884280202958,1.8161222488892481,0.030747583087498632,-0.40846647227362176,1.4066789070928847,1.8745930043597365,2.5645070418668743,0.6423725916415679,-0.8443284487895042,-1.0196488597521256
-0.6115654017718712,1.665085962271295,-1.1510247094577337,1.009175558388867,-1.1676373919086172,1.5743770954286536,0.7424676366618042,0.22089765608138748,-1.381432652530298,-3.838227838597843
-2.59414380473215,-2.9537270834735523,1.7114017557841346,0.5389555412712306,4.3102002750538215,-0.5155992867787786,2.9707319055235857,0.4069067258566319,0.2401144977218622,2.6252453031466128
2.329580360541881,1.5428899522278674,0.6196889216121123,0.4610532098195661,2.664648649438,1.5294779292570433,4.598270222764636,-1.2905227272912905,-2.6191522050533393,-0.244885191399538
3.466084162503973,1.5035557223706943,-1.5833055896271162,1.2451246631182669,-1.3303540645333491,0.05332492605877215,1.1295371315870215,-1.7959914814097162,-1.8917143889714996,-1.0800000665790819
-2.1604754734682636,0.23970797847588454,-0.5793538328376587,4.808053897076859,-1.829943287517838,2.468921477338843,3.404937606807344,-1.4353559159910807,-1.0271174242187837,-7.320114374032727
-0.08648905915468408,-0.5441310536181098,-2.197913445574011,-1.0320859315655972,-0.2361346752161102,-1.275947984416005,-1.971504888480507,0.8453913832780725,-0.8613630529495482,1.8283048934675448
1.977943844106814,1.4699889587871038,-1.12611397577874,0.5298042960636571,1.419467365067671,3.6077972210179654,4.71831095334879,-0.8351576048625073,0.3913375808446224,-1.8540021960160147
-0.8118488491353393,0.8120251109019738,0.04481819710016778,4.224313182669015,-2.3227860402367684,0.12332132683799946,1.4643622795411007,-0.6406836367077731,-0.15229797849414675,-5.7045633298454375
1.8792930541431834,0.3905691542115348,1.5444420988742655,-1.804741950059931,-2.560818301936781,-0.31226099574930954,-3.436248139302943,-0.873668891922626,1.475732678992345,1.3956397402982397
-1.1427337407940459,-0.8105578286620165,-1.7000197678102116,0.563228709932712,-1.4035261794411165,2.589444386359516,0.4194007614661258,0.7900154089781791,0.4667552048385791,-2.095306524680972
-0.9337609899865892,-0.125928823227328,-0.377854888784894,-0.7626155741538135,1.0824585340491133,2.8943313334444705,1.8079888261843053,-0.4649261744158378,0.6960654170770493,-0.6702450928482908
1.79474590047366,0.8181767125645697,1.558183630762687,-0.41635467399906834,1.1227685838844652,-0.34070317423765406,1.063456902360135,-0.8208600201629043,0.053212197103539735,1.1620129495156746
-2.9094471917118163,-1.1291633859024548,2.4264636746069916,-2.2308155767071383,-2.0989341578013514,-3.787260750159266,-7.184847526875649,-0.44340967321854846,-1.9812436205537804,2.346065480665402
-0.24977677989850866,0.022084038923591454,-1.2847961599318027,-1.4944117208813141,-0.4547411172238922,1.393291527325681,-0.9147099635610613,-0.008734975897599313,-1.1208471535655697,0.31525202844004635
3.4413032767024117,-1.2695824710491617,-0.5393981015339728,-2.091541010784486,0.44479956366969176,0.18860322509944494,-0.3085534438802097,1.1815631368820916,-0.9668815259640182,4.8366825725004645
0.21121148219822428,-1.0640126907704963,-0.9038555419523367,-1.093564559873136,1.9244565462939962,3.672305890758244,3.051265027580146,-0.9172026801316363,-1.8699026829164123,1.0106262723383623
-0.762124389529296,1.4408852486201114,-0.44443329292291694,2.100643021234549,-1.4982058225166295,1.4313982855374805,1.2395003395057294,1.2803323038717285,0.7388232834503655,-4.713218016237111
-2.0232661063884114,-2.582407245822547,0.46644580083980597,-2.166719665435626,1.1366317126159857,1.2392606025765227,-0.9246990245805603,-0.946029826350961,0.377033837828013,2.9278145182560937
1.5835223119368769,-3.4187599935519706,0.24883707875137867,0.018036959436443123,3.4722849292973534,-1.1962027874894914,2.6267426338086954,0.004041957823160769,1.0807204988869865,5.715538808417106
0.009729658896811877,3.2594943818844815,0.9672729750616863,-0.2538572776545268,1.5856703011584823,4.512251968924117,4.265312288193688,-1.37388911758857,-0.11687312836621294,-4.178483998318006
2.8014421234905766,2.209574249882767,0.9690405516353497,0.538607154971356,-0.5762783041762565,-0.38201573319435544,0.7657577905596027,-0.00798120435170447,0.4472521554922508,-0.9724665623629533
-0.016524755455878504,2.402183601336023,-0.012143411138766203,-1.1896522500461582,0.011026300691781676,1.812712815879262,0.28432411123906315,0.24937028272765205,0.24213315567402635,-1.9600492042619815
4.298524496392997,1.9099165794482973,-0.03927330695157529,-0.4825715850265624,0.7708423789283965,-0.603681293922421,1.400456193708217,-0.9079457135226163,0.6034780416679837,1.5728094098078744
2.4862332624489625,2.474081606059822,-0.5251585306982606,-1.699829173485884,0.5526892649517705,-0.8380798577719488,-0.5275175349918438,-0.1402830333573683,1.193103673332268,1.1787448170920978
3.2748245722582885,-0.3091912120323763,-0.23370501170845875,0.8602859598860684,2.4588772541465524,-0.1605085633369996,3.864783707455743,2.188498986095991,1.5057911210760855,2.2701770464438495
1.0758538812855647,0.6070395538864392,-0.5276851944169594,0.8372553333815923,-1.0711721845386633,2.352453188092249,1.616891132721614,0.7030651467411015,-0.6483003273443845,-2.175824340805946
1.7330993817183513,-0.3387952894560977,-0.6217693528332011,-1.050388985891715,1.269762578779595,-0.18591224623369085,0.6337524974623656,0.25442645742672076,0.17907053145719495,2.6855183483662115
1.0564753118132775,0.44812837520928395,-1.6237385821172297,-1.4036557686024302,0.24178170718133696,-0.6421595350335856,-1.033562227497578,0.07305819214956248,-0.6274428354765009,1.7577633939692114
-0.9412398624051634,1.6621476178739054,-1.4845315419310572,-2.3219599449761326,-1.2775592515831855,-0.8735781079326279,-3.877119010045077,-0.1270369028750425,-1.7262347840120666,-0.055412178981623005
